x1,x2,x3,x4,x5,x6,y
-1.0,-0.7327110719636719,-0.13043300968014016,-0.5558493131363497,1.0,0.5881792946381513,1.6704168353631421
0.080702615676024,-0.996404029271685,-0.8443979327061653,-1.0,-1.0,-1.0,6.50156858198304
-0.40948206480538873,0.049510881227301184,0.1831993270040878,0.5958559536922093,1.0,-0.5153314932210973,2.406570622079697
1.0,0.24416367579191944,1.0,1.0,0.7010921740371687,0.436054577153799,-4.658713521991802
-1.0,0.06933842107073274,-0.15661307243679753,0.4177933194443353,1.0,1.0,6.205318790729777
1.0,1.0,0.6617664347760448,0.549604366293057,0.23404932175494103,0.27537653863078054,-2.3302692215389027
1.0,-0.39223568142452025,-1.0,-0.5363673692992132,-0.8574884280922375,-0.9370309620278685,5.880117008516556
-1.0,0.9841110435132912,-1.0,-0.5805520346046705,-1.0,-0.6211927694641608,0.06315854021664241
-1.0,-0.4109157926032281,-1.0,-1.0,-0.2074077193750843,0.02841243533378185,-1.6924109609275904
-0.2235067882702946,-1.0,0.14017359096809756,0.755770193555894,0.31952357905943124,0.777276969213766,3.141693643402195
0.0005227610158107243,0.010525166288307311,-1.0,-0.4517225531300374,-0.48616797023637515,0.7051761487729379,3.444142247049263
-0.9249719537237178,-1.0,-0.19172332042336881,-1.0,1.0,0.8102880851294265,1.033469915882377
0.2791225725049562,0.9641200425397539,-0.08277165060516012,0.20520325371966208,-0.605681874392954,0.04963454455344374,0.8006182794702033
-1.0,-1.0,-0.8445004531071685,-1.0,-0.01692584366837635,-0.42936534233304036,-4.022912902300424
0.2910864548572826,-0.1668082070394028,-0.5373299865621292,0.6605104627023796,-0.6643793806557999,-0.24557854160132458,0.32494587180103546
-1.0,-1.0,-0.01620174899563609,-0.7524887761885566,-1.0,-0.13456608560211547,1.4842038534516373
0.12168493106222877,-0.6900049940493126,0.30316797800175077,-0.7054254651288185,-1.0,-0.4988602431166489,3.911130767317687
1.0,0.06520205944186785,-0.3434898959170733,0.528147637129089,1.0,0.06719533043763448,-3.281259627055317
-1.0,-0.733492138571078,-1.0,-0.9775680539656355,0.948568298914164,1.0,1.6509015738984425
0.357511865740877,-0.13733767679920872,-0.09319135094550313,-0.35308925307025296,1.0,1.0,1.675861803727883
-0.6170507591799226,-1.0,-1.0,0.1653011226159521,-0.37640516499085785,1.0,2.7508453363661425
-0.854339927309836,-1.0,-1.0,-1.0,-0.9393576123839291,-0.01109981708481067,-1.7647680014705012
0.5517603894698565,0.7744157147474682,1.0,-0.3699815999579642,1.0,0.06650488598694104,-1.553849887370799
-0.21699846364024644,-1.0,-0.6793481934781,-1.0,-0.7592520639093715,-1.0,4.322210680438647
0.04204779684491311,-0.19674210866724384,-1.0,-0.18333109182763951,-0.19798248161669696,0.5759672019021257,1.3677375173629849
-1.0,-0.5254615265677317,-1.0,0.21861710855251043,0.898046063386437,0.5548895459308181,0.6570070489488871
0.9570749780953387,0.28820733520279024,1.0,0.3649852248121488,0.512616118054381,1.0,-3.8257985450999006
0.7591372471031673,-0.644505772503586,-0.8530167744450629,-0.03809313590709423,-0.20384191452977085,0.06845606714971386,0.5684257150893263
0.5823454990932981,0.25679528121300066,-1.0,-0.7195533693159718,1.0,-0.3549085077077469,-2.2157478661059784
-0.9874403531881148,-0.8416121781703351,-0.7559911651162994,-0.1793764048388431,-0.6120922362772032,-0.10738561546152124,-1.8088331912830846
0.6311139900811862,0.8636346709938938,0.4940450955258713,0.05075706349404818,1.0,0.500770713406728,-0.9208890215265806
0.42069303028582317,0.3305505218538356,0.1276152140290734,1.0,-0.8073442568954986,-0.6808012099943818,3.674087972542138
-0.47645574460440093,-0.08186668402797348,-0.3667596235710415,0.009235982874879034,-0.27406100974418623,-0.532901964068359,-0.8189615014817613
0.4589916161295289,-0.10892710014648888,0.8389528079837607,-0.2953930240051674,1.0,-0.5869365042529096,-1.9415937313622673
0.7618477906140669,1.0,-0.20659910625291739,1.0,-1.0,1.0,8.948989036945749
1.0,0.13255199477169688,1.0,1.0,-0.7440121252870067,-1.0,7.632764099976296
-0.6929746153336511,1.0,1.0,0.8296584478466229,1.0,-0.6622335677890917,-5.208629020943844
0.48918838372393725,-0.7832234314463672,-1.0,-1.0,-1.0,-1.0,7.304805279828447
0.2672158963407437,-0.22151963793483692,0.6574266865352796,-0.18810701459594326,0.7379850195436195,0.7845267741061975,-0.6290679883837275
0.244835200170959,-1.0,-0.7342766551951376,-1.0,-1.0,-1.0,7.835307091148724
0.48460408633372265,0.3707665798138782,0.10920399129271491,-0.290141313909718,0.44068557295587096,-0.49470595436925136,-0.06646289287494364
0.373007288376886,-0.050027117341858274,0.38159405168716787,1.0,-0.7266505952303507,0.09482041088053794,1.4982460515656646
1.0,0.19977135192761875,1.0,0.2012624568886079,-0.059146470564026665,-0.7629680166991081,2.812325591038242
-1.0,0.06280247030300357,-0.26589707343767,-0.5223200517774979,-0.2658835643347417,-0.32974798914990955,-0.7863591448492516
0.8164108995695305,0.9762737797372538,0.0910709933937568,0.6400731079770821,0.278548408400657,0.9352083606877162,1.404797707437078
-0.5003656271280729,0.6482357126746002,1.0,-1.0,-0.2855844778613479,-0.4391414030680354,-2.4923519559599376
-1.0,-0.13511679464269055,-0.8765746611033872,-1.0,0.6912682563184311,0.5002910081475744,0.5122031231156272
-1.0,-0.5409759905624123,-0.816837773442316,-0.5012613748350006,-0.5376606057180005,0.4490437939737665,-1.9397081903034674
1.0,1.0,0.04261085846313528,0.5657435632270249,-0.2898374771651251,-1.0,7.0572673410514595
-1.0,-1.0,-1.0,-1.0,-0.5218285160593402,0.10548356927662206,-4.794468994983763
-0.14720642653432725,-0.5109033254678492,-0.31955409229224074,-1.0,-1.0,-0.6210395947205141,3.663904240749129
-0.466803942318995,-0.7700667872463942,-0.4512662687656752,0.470770250415762,-1.0,-0.991455887111639,1.338911608993225
-0.6661249834602507,0.19107896066516394,-0.7226274936418347,-0.23234913438917126,0.9265406153012314,0.2206571405162574,1.8542729698615918
0.5697001294998454,0.38114874182307423,0.2819141341209208,-0.647360655694979,0.3522564218685085,0.49076299736177853,-0.2147219538509321
0.2697206395721363,0.261833236692391,1.0,1.0,0.36074785205841486,0.7732717496869805,-2.6876300619556526
0.03419526621752633,-0.7129279954297061,-0.8263631634345038,-1.0,1.0,-0.8102172681034071,1.216243314267755
0.03338329175492094,0.6385251634516893,0.3883209004853301,0.18638281264721168,0.1114603271819975,0.6383964856040993,0.515321223384951
0.3604419481537372,0.5064672135402403,-0.9477512247877375,-0.013922579667932589,-0.2890822570338465,-0.44437048535202467,0.8066581635553157
0.6863782793155259,0.12344636809256423,0.3240589236906317,-0.5836100436126648,1.0,0.2641557338744487,-1.163931780526055
0.09319364059400792,-0.6205932629341193,-0.38508696916428653,0.936136271804146,0.34743647779102693,1.0,4.393767101532839
-0.6515342362981945,0.20180182056498602,0.40828378313260233,-0.534899056093247,-0.904062365337627,0.721113821406521,-0.94507150068863
1.0,1.0,1.0,0.8749987152067042,-0.19792652300752733,-0.7571498813655264,1.9066216728631402
0.9715256526017835,0.09581416473148807,1.0,1.0,-0.9311582016159341,-0.08625956885051306,3.97411530198731
-0.5414073886422277,0.29226288445045506,0.41069649780968864,-0.30620345364614865,-0.2949160667031463,-0.6970268890166957,0.37798720333323177
-0.08058950130466269,-0.38735828382498005,-1.0,-0.22107860296858428,0.5489990565679639,-0.1793828256289526,-1.217851725374854
0.7786128963830332,-0.574114023665472,0.1934873056739433,-0.09795552562096024,-1.0,-1.0,7.431632590473234
0.8172793147646644,-0.27091404452308576,-0.35748167499804895,-0.6266804450689991,0.5095367018750505,0.3963522610892599,-0.443054338335219
0.4888882485474846,-0.34037098806488264,1.0,-0.1353615914349171,0.7819740318722315,0.7281646086252607,-3.861758254450673
-0.7593759180720274,-0.14674064418585642,-1.0,-0.6589242389059593,1.0,-0.5408024297143197,0.9671344357160805
-0.47743791657192874,0.20437554335641472,-0.876164987995812,-0.9178318133277568,-0.07949647667806914,-0.10745271125425279,-1.8841540988413068
0.8994422794345567,-0.9783129574829864,0.3943931144242614,0.4537811767203094,1.0,0.72490009903906,-1.6772946478776487
-0.7672257967549744,-0.39806195174021264,0.08750143842832038,-0.009860420072162923,-0.57242127767241,0.6494808689510256,-1.195422913234375
-0.3162301809918169,-0.63627120189425,-1.0,-0.5041705518341877,0.8582597486349663,0.10059895489557394,-1.185945063710087
0.9842590600962196,0.9030095469204015,1.0,0.8855908652518317,-0.34805514183037944,0.9752336364031476,-2.401167367903428
-0.15303343608809844,0.8820385641414215,1.0,0.30944183969208305,-0.2335344268329995,1.0,-2.7254676636709023
0.06430602930201204,-1.0,-0.7397587058854628,-0.7400144355129815,0.1682893912026387,-0.8778894876134693,1.6592811354097383
-0.10370915141672066,0.07907029068024274,0.9293273579541164,0.4246750815461684,-0.005303392605064211,0.6892830492168643,-0.7223033795469707
1.0,0.07156431967623209,0.21132757952840964,0.9259332682031631,-0.5712074720924598,0.2762364690113589,2.6481536954125473
0.6141403083953525,-0.9533869410940461,-0.9756782800517172,0.24631827134561057,1.0,0.24433353976824423,-3.5750549705953762
-0.05390672636287963,-0.3559796701967253,-0.5124384548702505,-0.07706233735905132,-0.8888146273195103,-0.594061073696531,0.026487777069546692
0.5995309625430321,0.0876755266770109,-0.12011990020680736,-0.21339768475877197,-0.4014521117671601,-0.7143075051998771,2.4708055819690595
-0.8785237138241031,-0.6574665321139053,-1.0,-1.0,1.0,0.9376565176651077,2.647181319664079
1.0,0.09004883484399584,-0.42277868228804166,0.39741850474548857,0.8305901370443562,0.20625496696235368,-2.0018804563433084
1.0,1.0,0.01386219157938351,0.9788056623208632,-1.0,-1.0,11.526068599000642
-1.0,-1.0,-0.7501247888842687,0.7595045947654135,0.023510353301420928,1.0,2.058148466329469
-0.3757892249654101,-0.8584326588099997,0.4201082477458631,0.0662451979666969,1.0,0.612966297290175,1.4968998494195853
0.9902580302092596,1.0,0.4001584855788807,0.3336484873677352,1.0,1.0,-0.5072290289942476
-1.0,-1.0,-0.2990666662556223,-0.014041422745187548,0.019230736258747085,0.19892107473495968,-0.6247524112183221
-1.0,-0.2988802881005128,-1.0,-1.0,-0.1305901195267717,-0.9338679658906032,3.733179825121161
0.3866905937436165,0.15121299098446994,0.04002225029818618,1.0,0.4682801367404179,0.7122057900065277,0.9416508994865611
-1.0,-1.0,-0.29943966767842456,-0.7785852840181211,1.0,0.1904363744457579,0.4567286027172144
-0.6424111544725699,-1.0,-1.0,-1.0,1.0,0.28669049486808196,-6.10235761935089
-0.07795945698017867,0.2980737568910663,-0.2268649365837181,1.0,-0.8129961429414188,-0.2232388315929139,1.26702096358819
-0.8482150739774295,-0.24758817874950645,-1.0,-0.5041917767045723,1.0,1.0,7.3719807190178726
0.1641927225249452,0.7286577590270914,1.0,-0.5555675994352567,0.243808965194807,0.01632372274894628,-1.7458723176193223
-0.9615906449396672,-1.0,0.2855639722144211,-1.0,-1.0,-0.06186574850825943,3.652334730833346
-1.0,-1.0,-0.6078278527670193,-1.0,-0.28625826950699196,0.7474260853047128,-4.011872739950649
0.619071925728113,-1.0,1.0,0.197499073005209,0.18962989276553333,0.7488471443683165,-0.23991753242835026
-1.0,-1.0,-1.0,-0.04418403786714786,1.0,-0.41723980760410984,-3.173373050715612
-0.24014916555853816,-0.008876223773008451,0.678595371020017,-0.1333022363801833,1.0,1.0,1.176813894905368
-0.0260052671771539,-0.7735402368030884,-0.1797525600139147,-0.297265426985493,-0.992582151149503,-0.13108581613377082,1.0752193088461566
-1.0,-1.0,-1.0,-1.0,-0.27348325057216205,-1.0,2.9719458918325667
-0.11086261591985003,-1.0,1.0,-0.13943175750771258,-0.2486523910509537,-0.9093805330207692,5.973549602774673
-0.521368652875183,1.0,-0.15967589054060333,-0.2263973904538203,1.0,0.7303943064467673,5.789171655751962
1.0,-1.0,-0.4488258718096535,-0.6373711339851886,-1.0,0.20940306759429894,5.7871138807541485
1.0,-0.0621217676877035,0.871730500372973,0.7722581812278919,0.1043599695874666,1.0,-1.7557576481462278
-1.0,0.09223364237808962,-0.975661198990263,0.48446904966632093,-0.9212838828326484,-0.5794826860961947,-2.12492984189476
1.0,-0.18719852943988458,-0.7163773011791339,-0.46904999897896893,0.6082825413286469,1.0,1.9388766232547523
1.0,0.12006820605720692,0.6516927650022402,0.09186858042854634,-1.0,-0.774966536778875,6.180447034101643
1.0,0.7056862236023855,-0.47043027634759216,1.0,-0.5303455334776713,-0.8900835755726701,7.03061855529837
0.7367469270095576,-0.30294227657672756,0.8624075489205493,-0.5884757530740113,-0.25603654809074217,-0.5511913529437238,2.0842129684909363
1.0,0.018083887836724433,0.0405502715093774,0.45498863240511334,0.6959393890862103,0.4185531467629474,-1.1891501629064034
0.19918593727495681,-1.0,-0.4604953469957597,0.2655835574538991,-0.4098880270515324,-1.0,1.3221070673546595
-0.4985506877333278,-1.0,-0.9978692239383941,0.3347633055868727,0.9371335131558052,0.27928275678558034,-3.35581107938971
-0.9979019896423534,0.12833309145054372,-0.9795006908916755,-0.8752532607687504,-1.0,-0.29436843795927325,-2.087585821075375
0.9149343741201702,1.0,-0.19461921335894322,-0.1624272346695178,-1.0,0.3306500105598535,3.423615186026736
0.3431171157925932,0.07385663208244597,-0.16265279178146141,0.5180300812865597,-0.211021451933308,0.1842575063505494,0.5540736247798029
1.0,-0.6075848542700988,0.9170358416387959,0.7898256151030736,-1.0,1.0,6.108578741441553
1.0,0.01869859095413995,-0.639508732605536,1.0,-0.6259811145401809,-0.5840656811325119,2.020667719309653
0.9651843526982756,0.6484168237148851,0.8143777843601738,1.0,-0.9238077351925065,-0.8324633777227886,6.632978347078859
1.0,-0.8261422384207708,0.6146332045088428,-1.0,-0.0038470897728724585,-1.0,9.697150323147486
-0.33124796688888475,-0.07038631306031967,-0.6494200212216168,-0.27593492618522575,-0.2527841767519814,1.0,5.248382381116617
-1.0,-0.9134215347821117,-0.05737127441662504,-1.0,-0.27074663778662456,0.057463169694143834,-1.3207558984237944
0.46662520017921905,0.11427902706597204,-0.9236575531344148,-0.07735690568596443,-1.0,-1.0,2.2568297112156146
-0.9244789697772913,-0.7369695550586114,-1.0,0.6045193209019131,0.6524108825799365,-1.0,3.6924037967374193
-0.9667049245414392,-0.11352272831821686,-0.222853751740332,-0.22641339264391863,-0.2021033938426411,-1.0,2.362923483895974
-1.0,-1.0,-0.32339349294153763,-0.1808253465024423,0.8365154738273088,1.0,4.1717606664924425
-0.9332478886121736,-1.0,-1.0,-0.3992929735712858,1.0,-0.35917238332902945,-4.8408203787881146
0.44475927447637337,0.5745182323324158,-1.0,0.2207367196904435,-0.12366036997396823,0.8089564681549363,5.014286197100296
0.277627441690403,1.0,0.9422225519508418,-0.34289829194059823,0.5620275507700031,-1.0,-1.97340439073192
1.0,1.0,0.5929031766788888,0.8481135871002801,-0.8072178858190969,-0.5506778371218936,4.836223930064096
-0.7913091198971725,-1.0,0.5927192444945693,-1.0,-0.20671268018188993,-1.0,6.2065786967875365
0.1394395739134635,-0.11176972930353624,-0.21320716119326388,-0.9671503818505303,0.49124070521736474,0.3940166804137749,0.1680854967494782
-0.30078413692356165,-1.0,-0.06301505322868128,0.037115198579786346,-1.0,-0.2920354200555302,0.20734864593910995
1.0,0.05824737824849957,0.23913013690197304,-0.6590367005620885,-0.17922347725942223,-0.2156967118112163,1.4160093234381474
0.3434063837975657,-0.31092948681431193,-0.6836870959489005,-0.14742680855570783,-1.0,-0.697143117367693,1.5655999192577437
-1.0,-1.0,-0.9068031748538762,0.21256205914091258,1.0,1.0,3.7211522311046363
-1.0,-0.062254695036437546,0.23889298672814951,-1.0,0.6931535395756906,1.0,3.883942791764145
1.0,0.6823811877750194,-0.18930752633569606,1.0,-0.02702827889329068,-0.3548603804508562,2.686364026414447
0.2574704688292846,0.11528582443003038,1.0,-0.24039153478435976,0.45094027032824496,0.6806940750099183,-0.8580754608300977
-0.2074007351386678,0.20317626866723393,-0.928283892640978,-1.0,1.0,1.0,8.417106160624131
1.0,-0.38572066466092947,0.0028444468149680935,1.0,-0.786000934536339,0.28155308254036293,2.958021624951149
-0.2892529916561787,0.8605411236087634,0.29703605537967964,0.670054279673192,-0.49734299217432876,-0.6982167034394999,0.707089427232084
-1.0,-0.7412307187336367,-1.0,-1.0,-1.0,-1.0,4.491500776981781
1.0,0.30318972174011005,0.8000875528197158,0.6987594916344961,-1.0,1.0,5.401455628750129
-1.0,-0.1323649186547209,-0.2947028670280408,-0.6096238272196532,-1.0,-0.24120791824988974,-1.5749396452826026
1.0,1.0,1.0,-0.4151074111400441,-0.09132108482003559,0.4421196265756058,-2.1144801692380573
0.7894048930680532,0.6407548722799267,-1.0,-0.7193910203599698,-0.8624942240789845,-0.7758007238818482,1.851077631937507
-0.1795095935702105,-0.9062586518605091,0.2813563183605941,0.35957863998896056,0.9156697400159015,1.0,4.418453484563903
-0.558438103666195,-0.2924101894107147,-0.4297808826575848,-1.0,-1.0,-1.0,1.9642010659379934
0.3964034222185282,1.0,1.0,0.8235475336078315,0.25961838731724696,0.38981531326224284,-5.044861533391173
0.9457573914156079,1.0,0.9993800698490243,1.0,0.5477690850872727,1.0,-8.501816242163448
1.0,1.0,-0.28153575048535034,0.5640580832978868,-1.0,0.08204619588246054,5.055722339342419
-1.0,-0.5037255394253239,-0.716620137900142,-1.0,-1.0,-0.4845835996200445,0.4682760892264064
-1.0,-0.47732657504268816,-0.5381903550108966,-0.19322008081905417,0.6486451921502789,0.4532542728160654,0.775163573370005
0.11200116898498103,-1.0,-0.11393193623565678,0.4961018178518948,-1.0,-0.09372289306916826,1.6479509301450777
-1.0,-0.09106488665697499,-0.9884085078234492,-1.0,0.7852110925365788,0.10946581487998713,-1.3349004393499997
1.0,1.0,1.0,1.0,-0.6822618432122693,-0.27204095902015635,2.837140456444201
-0.5239479393701187,0.6267205104131407,-1.0,0.5770040319417126,0.6219393918690521,-0.8976677233118694,2.3419150346758686
0.15618804896396116,1.0,1.0,0.5220909753671021,1.0,0.7789968994816882,-4.231745688467404
-1.0,0.06994953961131134,-0.8251421314705892,-0.03194992477667691,0.6370994951355471,1.0,7.883318238284947
1.0,1.0,1.0,1.0,-1.0,-1.0,8.56192882108282
-0.892158737457598,-1.0,-0.461205060793239,0.31812665771452997,-0.39761462153539895,-1.0,0.9655862176500247
-0.21622331673631995,-0.13354489818800475,-0.7519957160271242,-0.18423570963802183,0.5678534356328175,0.2887104106141052,0.8955855254456638
-0.0941340084010669,0.3056446906356255,0.6893687741985484,-0.6826896219826709,0.2546399115858488,0.3466988932841977,-0.5347116922345954
-1.0,-0.33952648216269665,-1.0,0.3018862568259814,-0.2585190247028528,-0.7629665313703133,1.1395109467480338
-0.27736440969348886,-0.3098983070549097,-0.6243169611240363,-0.7165736128739786,-0.2565227719743943,0.48593036253827593,0.11791640681080662
1.0,1.0,0.690388278330303,1.0,-1.0,-0.5959087055345271,7.280338630246897
-0.5883415531938483,-0.3263165327987674,-1.0,-0.8802637938962632,-0.623222746264549,-0.03397167058077577,-1.1245564703365951
-1.0,0.11566102950613494,0.3513770265070043,1.0,1.0,0.39778641233077017,2.281299792105284
-1.0,-0.1494688337404695,-1.0,-0.8667794759197984,0.28352361094207096,0.22400171500821614,-1.583784040909132
0.10307498231471579,-1.0,-1.0,-1.0,0.7601536812761689,-0.3844066802455278,-3.1271971385581434
-0.7902865871805463,0.20483696354458708,0.40140740308238776,0.18648897683644416,0.6979638969497386,0.5460616246034854,1.0861536170099053
-0.9947278513434477,-0.6729300474214004,-0.01584650626047157,-0.7888049388840837,0.06106729574780001,-0.1300330526555839,0.36294154060524264
-0.9303404299291049,-0.9473308461266976,-0.39645230439530876,-0.7570652235160007,1.0,0.2848859877823857,1.3305213570499212
-0.8145751816158828,-0.756424415351491,-1.0,0.11671731567068544,1.0,-0.991007280830766,4.510066405769491
1.0,0.5314890770715115,0.3004864920799688,0.3524770531142505,-0.9540689911137268,0.3421100719763859,1.8596965792989917
0.3659487640116297,0.8447719366517489,-0.7315847762955721,0.986525044056692,-0.2316010266265538,-0.4673781043521612,1.9047851647692422
0.006333453192900462,0.5140827136532156,-0.29396074519806425,-0.09625234732143406,0.39916631656507573,0.03357190175296221,0.7331630584962434
0.744501408425785,0.9630566721871905,1.0,0.6667327493202182,1.0,0.7800154739620427,-6.5327255190132645
1.0,1.0,1.0,1.0,0.9293899261663457,1.0,-9.933794205617952
0.3189916238062136,-0.7818880383042076,0.406597629478904,0.8497569860360321,0.21122376584229197,0.7082227916666644,1.3191438719890936
-1.0,-1.0,-0.2736518067173297,-0.06255305308937875,-0.5344165472431431,0.5869919175880594,-2.912988577963159
-0.3679795486152936,1.0,-0.6429079858189758,-0.2979452573767115,-0.13006004881306354,0.7282067136151207,5.304217909143375
1.0,0.6678211158817755,0.1720426732038296,1.0,-1.0,-0.5788537947175169,6.44808094121865
0.4540005618234675,0.027410299579254976,0.5398970739313583,1.0,0.3142865949512805,0.09546940024913908,-0.3574265057426891
0.10164094052090655,-1.0,-0.5977373829555243,-0.1748296043974764,-0.4377095176350314,-1.0,1.5907294421787626
1.0,0.36420262381799046,0.6378730995166189,-0.11377978555062623,1.0,1.0,-1.065621581594704
1.0,0.19112398714409484,0.8047102285659712,1.0,-0.706720914043858,-0.7996174881049728,6.051211326400318
1.0,1.0,1.0,0.49453687445931505,-0.3593493676570082,1.0,-2.851640832603966
0.17162724114646188,0.2940970864157534,1.0,1.0,-0.08304758440006765,-1.0,1.8697306742311124
1.0,0.7724575669462224,0.10803991059082119,1.0,0.6378589165812061,-0.2757692881820468,-1.1444975866373484
0.6150987032244604,0.28606502012370966,-0.6619336455413967,0.2610566235463815,-1.0,-1.0,3.075965791495231
0.8172733807466361,1.0,0.2341430957220335,0.8317432776944998,-1.0,0.3375592582169922,4.953237188155457
0.6741517364428219,0.20973732774206866,-0.49655831146621393,0.29653396427304024,0.4296915101623058,0.6755267200040431,0.3590255059885207
1.0,-0.39229082043400165,1.0,0.6076075766512437,0.37857501691583156,-0.04337696991819565,-1.2205688007654851
1.0,1.0,1.0,1.0,-1.0,-1.0,9.275137534470721
0.24554783702927263,1.0,0.680176289125119,1.0,-0.9873373822878011,-1.0,4.929635663318042
1.0,0.8758384694537298,0.4240930995454515,0.09371848295720198,-0.377985721852759,1.0,4.550525911824739
-0.20837707643473824,-0.030091248639299795,-1.0,-0.5244002621613058,-0.09910133315536951,-1.0,3.3850104359030326
1.0,0.5012065129696086,0.8852045464616556,1.0,-1.0,-1.0,9.709116149635136
0.4428417586919665,-0.2971813191766862,0.4146281847296708,-0.0796047325900544,-0.638717948831532,0.05856482305420657,0.7008336190107671
0.029679053121850707,1.0,1.0,1.0,-0.39515241059702566,-1.0,0.8280603440049032
0.07038189228540859,0.9601886827233131,-1.0,0.7684274709197009,-0.40244261022153716,-0.4317769984443163,2.032875778935404
-0.0038416838924515417,-0.6738809979100167,-1.0,-1.0,-0.3622926263460108,-1.0,3.979083460944598
-0.1614129874355691,0.46693078418530276,0.46228742920581983,-1.0,0.5738467431710499,-1.0,2.936563491431234
1.0,-0.0450612786101427,-0.7575123612478447,-1.0,1.0,-1.0,-2.1398940774926642
-1.0,-1.0,-1.0,-1.0,0.8679395837924256,1.0,-1.35739177492585
1.0,1.0,-0.3159682125333186,0.4874082935928817,0.6841624361258212,0.9484440791715469,2.4613404895166324
0.5480334199869602,1.0,-1.0,0.29847778177206774,1.0,0.290506025495618,1.4833724959670702
1.0,-0.7104665032926607,1.0,0.03277000879326497,0.3739813196804568,0.8843180167874645,-4.006747323728663
-1.0,0.4088740087103454,-0.09184855015271354,-0.0405389227714229,0.927854740203604,-0.3885133748187254,2.9354439569723403
0.8689810671218996,1.0,1.0,1.0,1.0,0.010783490829052486,-8.07825538054391
0.7880605304008435,0.37711712870901115,1.0,0.6483885042875857,-0.2908217907282945,-1.0,3.426304451229966
-0.08645069025500218,-1.0,-0.6316955067729924,-1.0,-0.45981669246135604,-0.4611676305237643,0.3543869542086538
-0.7167595933896918,-0.8494406842796021,-0.05056955980406985,-0.9125527691526352,-1.0,-0.35452409790722944,3.361424837586016
0.3754772796032741,1.0,0.4109768124111379,-1.0,0.036931487241663896,-1.0,0.6811356318623667
-0.8185916329906459,-0.23490202198471966,-0.7834896209700516,-0.27424575804036344,-1.0,-0.5607091922250591,-2.040508203797231
-0.14303814836170886,0.6666763223447957,0.7130461467448778,-0.013907403498624238,-0.6257326448350014,-0.4185193954391171,-0.5745507680623833
-0.7759550464995019,-1.0,-0.5669584861880863,-1.0,0.9029701588519439,-0.6742766532010376,0.5795993329381348
1.0,1.0,0.16064612932377192,0.8462941783841151,-0.037735209815735415,1.0,2.986727033785246
0.7242940980031708,0.23759123381257963,-0.012434093831861448,0.7562135027300539,-0.9827795849933847,-1.0,6.101373595978459
0.4931373744135768,0.16574717069039702,1.0,1.0,-0.3110811801223543,-0.5561415893528343,1.0024086163866521
0.37977385531900276,-1.0,-0.8556806723936007,0.2337500790496876,-1.0,-1.0,2.8434139452680105
1.0,0.9580235330938336,-0.6140932953834792,1.0,-1.0,0.8144389803029516,8.188083159000973
1.0,1.0,1.0,1.0,0.5239959719788603,-0.21929758215560324,-4.123039152556991
1.0,1.0,1.0,1.0,1.0,1.0,-10.285017680819449
-0.6104277424216695,-1.0,-0.2629782842523749,-0.7895877100573871,1.0,0.37296556592452457,0.7248397698198559
-1.0,-1.0,-0.6311880650986281,-1.0,0.46308623956813255,0.24532529562876318,-4.524151266130214
-0.932999740630781,0.04497794429626889,-0.5735923966068336,-0.6601083069974977,-0.5934798876028929,-1.0,1.0442241888885477
-0.8112121558124739,-0.7270616715243623,0.6100952759080367,-0.4121610838349786,-0.690854848738677,-0.32850821185846524,-0.6783465397163098
1.0,0.3881276903666404,-0.02269635309371454,0.48244062476163446,-1.0,0.11333241305772046,3.24722108587489
0.2667395337278118,-0.8599051107358986,-0.2936066470352795,-0.3813792398190207,-0.4269872339166785,-0.637536428143951,1.4956721515134803
-0.6340423640995342,-0.7650242372714833,-0.4495234765071996,-0.5522498099132586,0.3047239791337556,0.12347058250656584,-0.5001246451747693
-1.0,0.8536665248259522,-0.5352817826978531,-1.0,-0.4716488298264218,0.03840603250789565,-0.5223457370516702
-1.0,-0.5343513941299844,-1.0,0.462367839514901,1.0,0.5914270893820156,0.3237084318350686
-0.32943668345970756,-1.0,-0.13643102855049477,-1.0,-0.4814797379437855,-1.0,5.763199832432661
-1.0,0.4662782340928016,-0.2398989672145772,-0.43302338220775694,-0.11432103515356018,-1.0,2.6599769390325436
1.0,0.7098076487003503,1.0,-0.06408636904074566,-0.27237127579397336,-0.17634243913622183,1.1900210525604376
-0.7058864227186064,-0.30809707716338686,-1.0,-0.3207516351097872,-1.0,-0.7579503402781247,-0.8452880373612464
0.40945470007994555,0.3828810902997537,0.24781511272545287,0.12866536947254326,0.7874264002301989,-0.07279311222425822,-0.00948655919306507
0.05263057299433438,0.23639344605516932,-0.4014255053135072,0.13370438418072295,-0.13439747371048627,-1.0,2.0095459937242595
0.1508542263950488,1.0,-0.3312980547280389,-1.0,-0.5547662490792229,-0.08683865113970879,2.555330971587293
-1.0,-1.0,-0.13649420199051465,-1.0,-0.501458409301263,-0.505071230204666,1.0844995626196372
-0.06670491980801807,-1.0,0.7592633380951629,1.0,0.6641724081234895,0.43327924240487514,0.13010021777119357
0.8129595165805981,-0.5700045445325463,0.00783688892750023,1.0,-0.8813380766501188,-0.08705576540910653,3.870894876678076
0.645229932340351,1.0,0.512897606795891,1.0,-1.0,1.0,4.281631334801329
-1.0,-0.8843785790814405,0.41238733183746223,-0.34041864650560755,-0.7172532351365968,-1.0,2.4805619952667524
-1.0,-1.0,-1.0,0.06800112611660958,0.9198782477803149,1.0,4.356564692709379
-0.3840395764380782,-1.0,-0.29460118844769423,-0.8615372451926975,0.04545241960342504,0.5950699406020206,-2.301143903203373
0.7439442990752532,0.6850790453489715,1.0,0.9752441678154099,-0.5829792274915252,-0.7409237106806005,3.427729188818048
-0.2996006699340472,-0.22789285463823183,-1.0,-0.08064989117925236,-1.0,-0.7026446446278427,-0.6625757871536226
0.534601525644512,0.9066344321087132,1.0,0.8008916827644867,-1.0,-0.24460686148630928,1.2159434562413054
0.23699748505822404,-0.3839949783344161,-0.5813610871645829,0.008945218288102935,1.0,-0.18428002260233123,-1.398979328495415
0.6812432375126316,1.0,1.0,0.8356193839880419,0.1625219849523145,0.7740286763799437,-5.739851022025451
0.6882329730370859,0.9283910495556323,-0.33400616460632415,-0.8708143286085602,0.24496440698669436,0.0019256046900329449,1.1058942564883167
1.0,-0.9391052549652406,-0.2805047479811466,-0.6045271053550125,0.7974543953850353,1.0,-2.7875761089451485
-0.3066690402315184,-1.0,-0.18299120781173184,-0.1959253733194225,-0.19395077109657344,-0.5391831575093906,0.5569563118259354
1.0,1.0,1.0,1.0,1.0,1.0,-10.049578494351877
-0.34324033267822984,1.0,-0.0912757198383366,1.0,-0.0966406998160162,-1.0,3.014687360995209
-0.9891125486854431,-0.5155960755357168,0.6477052873100713,0.6350161227772374,-0.9100087993391348,-1.0,0.8151402677226302
-0.2941030029951185,0.515808650686557,-0.038673582155556385,-0.7278178768267938,1.0,0.5714865775616392,3.3082975532161214
0.7063960885703181,1.0,0.9075270563320817,0.7736455171170324,-0.13720021575705066,0.7584205980622406,-3.494495612809115
-1.0,-1.0,-0.6255686079487077,-0.2952452990788761,0.2579136103809442,1.0,0.32727906179699257
-1.0,-1.0,0.5373159267216604,-0.7711555693945467,0.549864862374624,1.0,-1.6101940813810676
-1.0,-1.0,-1.0,-0.9931259565406203,1.0,0.8899374993015556,-3.7579187100532163
-0.11686558797929825,-1.0,-1.0,-0.26360396458292845,0.4216494570506322,1.0,1.5979490564370482
0.47270055024861246,0.21326356435651517,-0.6725140955570045,-1.0,-1.0,-1.0,3.596421703080131
-1.0,0.41458074799218236,-0.3458354174934106,-0.6708093706078299,0.3208346113241543,0.16420589703788402,0.6562056067569132
-0.9746569077558708,-0.5724998300434836,-0.05116576133723283,-0.53768667858032,0.7360316824273625,-0.3154974786042208,3.2518568042009464
0.6270047226079454,-0.09970599512679906,0.4536355774298657,-0.9881818728649796,0.13516659605338022,-0.5109187028745588,1.4933221200013904
0.7212715107033623,-1.0,0.702904498243539,1.0,1.0,0.7049944520126372,-1.5964100412272932
0.49916273689189905,0.14543573868407145,-0.2241010725290895,-1.0,0.6451420337851825,0.6649562879314063,0.7621590173791898
0.1095581865350357,0.5858954004911603,-0.21384191798627306,-0.48861635352521116,-0.43775308438889254,-0.922474489383057,2.0959475433556847
1.0,1.0,0.20754343659636337,1.0,0.3508162001881503,-1.0,3.522571865649595
-1.0,-0.06024783811345241,-0.2085960287889731,-0.7770904700975909,-0.4692750640597442,-0.7317250786781585,-0.22683797335902234
-1.0,-1.0,0.6460962301960956,0.11921518849843704,0.7811762970516125,0.4931936995210171,2.4719994046550298
-0.7113046822574303,-1.0,-0.4784018815708535,-0.15774887950288985,0.25391772213270536,1.0,1.6808732504093422
-1.0,-0.8065223054775061,-0.15486634877234162,-0.6300712665022097,1.0,1.0,4.109480379523511
0.4370757771750684,0.346132451769409,-0.5127301133302475,-0.8102343149265057,0.1745807427073471,-0.46598684947924807,-1.0603305912434795
0.3615280789707258,-0.8177176177508758,0.8897716386777501,0.6773513208536909,-1.0,-0.998592355798156,5.410535900044211
1.0,1.0,0.9576879919269661,0.0945444318525448,0.10224894197075499,-0.6208579933196071,-1.3169587757823527
1.0,0.7907434938389377,0.849513368802806,1.0,-1.0,-1.0,10.298649604979397
1.0,1.0,0.23279010608225215,1.0,-1.0,-0.4413435419594303,6.795380120596154
0.643489119151774,-1.0,0.4068393311007594,-0.23348292169435775,0.9776405607834007,1.0,-0.6571563398415137
-1.0,-0.9999093319134591,0.5994562874394372,-0.41838061621806877,-0.619810708317291,0.45464466768932754,-1.9556358175663409
1.0,0.7235798504985693,-0.06046497516131266,1.0,-1.0,0.34565062963031934,5.1753528092288335
-0.1831806336174392,0.2836540572153715,-0.6463493360828887,-0.1850665016041496,0.5578077479335396,1.0,6.036611814997501
-0.42839689649490276,-0.8791731103094393,0.14728815102807552,-1.0,-0.26753612042792874,-0.2508959511702493,1.7016560993152856
-0.44285814941147383,1.0,0.31680262893672845,0.5090154534476546,-0.5086875681805871,-0.14649959027335013,-1.5351225568627354
0.07124147801633723,1.0,0.3401337293786517,-0.2827252971792949,-0.10520123526413283,-0.32744700667588156,-0.3938785973951422
1.0,-0.5309381511248144,0.3320640908799866,0.18405768355778962,-0.743198202250726,-1.0,7.727133295325527
1.0,1.0,0.4890749180747832,1.0,0.27589121581235887,-0.14753333439543853,-0.9005257274311604
0.37371162558996684,-1.0,-0.8906605340763405,-1.0,1.0,0.5245760969927458,-5.346934933672953
0.0012359861837711317,0.5850931601391486,1.0,0.36397092850169116,1.0,0.8953226145106605,-1.5892450268898324
-1.0,-0.9987602823882287,-0.15898830891751192,-1.0,-0.24665009726292797,-1.0,4.236484324375966
0.5975417647417665,0.662767748778565,-0.05072825335317177,1.0,0.2134548082904152,-1.0,3.9935321918011177
0.31656265794984856,0.6812754794621876,-0.3120760668286932,0.344107631478169,-0.06118665726525546,0.0393971951167581,0.7755246013293888
1.0,1.0,0.9084490705385506,1.0,-0.6413842980450171,-0.35871662731488524,3.5936424522438086
0.9053520659672547,0.5874443906527305,-0.9239624015424458,-0.11096665248406856,-1.0,-1.0,4.178403311906172
0.9750048493830386,0.788248371901452,0.6890495967709243,0.4131097848452398,-0.8093522078134492,-1.0,6.252959973417153
1.0,0.7259643508649786,-0.5010046324931452,-0.2672089950407327,-1.0,-0.8708173146228362,5.754477066253152
-1.0,-0.023387424700523463,-1.0,-1.0,-0.44765097661688485,1.0,5.494002057003501
1.0,1.0,1.0,0.5826585998308497,-1.0,-0.22661953564228293,2.8518525955126246
0.9829619659580214,0.45167218760369005,0.8797130087415901,-0.7912783039661198,-0.6490694340875556,0.5135040058750273,1.2318390621286321
-0.5914580923588962,0.3488466720261214,0.6617423858677735,0.38828578389299856,-0.764588201611623,-0.3572500669625862,-1.6354411780598959
1.0,1.0,-0.6686026097785303,0.4960129127884062,0.5009522978413595,-0.9871970660686981,1.3534662757055858
0.05880751752732061,1.0,1.0,0.6796715946252534,-0.3773560470572097,0.43523540552546186,-4.347832796632349
0.7811089146850464,-0.7012000788474833,0.8735988514596399,1.0,1.0,0.671277333888606,-3.4249334773669253
-0.0013742350466559028,-0.22843710612071624,0.14573677918762984,0.8238906060294204,0.07948758998222927,1.0,2.230516668651873
-1.0,-0.778876673831201,-1.0,-0.6660533619940407,-0.6039950979250637,-0.1598302230436326,-3.162972053364534
-0.4219040483955596,-0.14189465510296018,-1.0,-0.4101517087676885,0.8382854410978137,-0.6975069194563599,1.1508159164132863
-0.17301211704281144,-0.4630649643628772,-0.7832479189232393,0.8571085834315568,-0.8362508543787356,-1.0,0.7826521759112208
0.5599099060684609,1.0,0.31415825055169067,0.818303444971062,1.0,1.0,1.0267737316954033
1.0,0.047851890552289444,1.0,0.5533487701218912,-0.5085463598158599,-0.2737689432423397,3.9786362367161754
0.15591151281392968,1.0,1.0,0.8441111802446113,-0.13012121226556062,-1.0,-0.17806018761178985
0.4792292981551189,-0.05665733654905092,0.10797634153279187,0.6037782360609502,-0.3009124687266422,-0.8828366554875297,3.6974050566314873
0.8312421924377197,1.0,-0.12277756132968873,0.3890584638084759,-0.32228788258048,-0.811801905657622,3.285482542475642
-0.8625857957584118,-1.0,-1.0,-1.0,-0.9075162856776797,-1.0,4.035565752941826
0.9448345633639206,0.7083305678512204,1.0,0.20020339874637805,0.9919440278499461,-0.6917116922701473,-3.7231658427504124
0.4675219832903136,-0.20231228236490437,-0.9874415529037384,-0.24610715374553216,-0.7396882725341298,0.18619744467790916,1.719943800769513
-0.7873179412817378,-0.15207947103675445,1.0,-0.650520345297795,1.0,1.0,-1.049723824503752
-0.14330179401336252,-1.0,0.6554749685554222,-1.0,1.0,1.0,-0.11580345173417284
-0.759917768151734,-1.0,-1.0,0.09954555035451673,0.5596795671313147,-0.7340793648167584,-0.3373988830304067
-1.0,-1.0,-1.0,-0.653259439398181,0.09082329279961651,0.5978428052368225,-4.436773154217548
-0.4784904571156239,-0.8508385740157299,0.2658984798737959,-1.0,-1.0,-0.28002164077997643,4.670920860479444
-1.0,-1.0,0.49823321247115565,-0.9734175025243197,-1.0,-0.4497229534944803,5.431404475947531
-1.0,-1.0,-0.9029517851168289,-1.0,-1.0,-0.02561684207941034,-1.9276833664977338
-1.0,-0.5137475407755023,-1.0,-1.0,0.5198519228218608,1.0,2.720425141519199
-1.0,-1.0,-1.0,-1.0,-0.37760801126709775,0.030948618506675962,-5.456389783336597
0.24585713122017305,-0.24039212093260404,-0.42640650436379346,-0.8362061779610793,-1.0,-1.0,3.0258957435887064
1.0,0.8773141038334655,1.0,1.0,1.0,0.6135099776839477,-9.806759145498507
0.1416838155994995,-0.5424056560099475,0.26563244290434296,1.0,0.46955079435718194,-0.18815216911961108,-0.13581981602567633
0.9748099009483249,-0.9070883323456865,-0.06405585869973149,0.7932265217217931,-0.756656870687012,-1.0,8.607696853665262
-0.2631025667858393,-1.0,-1.0,-0.9293326861287552,-0.5039772729023608,1.0,2.4509417344219577
-1.0,-0.526511313007372,-0.5837133280768907,-0.7377424929592602,1.0,0.36461259446069705,1.146056552242338
1.0,1.0,1.0,0.9715328808218093,0.8757196462831143,1.0,-9.038767296787826
0.3464282192892129,0.9489727901429144,-0.45029565088168444,-0.37364820617293804,-0.6785997383911414,0.7548228977804031,5.461566650787161
0.0460318054842177,0.27162201031955013,1.0,0.4371814960061591,-1.0,-0.9912674310912731,0.09665967878732096
1.0,0.17980003244997245,0.10722452503636204,1.0,0.29524430847286337,0.32327753764567024,-1.158684197763203
-1.0,0.9265885214389153,-0.1704236626249233,1.0,1.0,-0.046921558750245326,1.3497328812928644
-0.7231940514867418,-0.08861141431093755,-0.4681142500622455,0.6039637588564302,0.2923945513034698,-1.0,3.0075030186179346
0.34613614370287044,-0.13650309825646878,1.0,0.8140066990336747,-1.0,-1.0,3.5279477045562366
-1.0,-0.7922492197300061,0.695811032656324,0.0604529544412085,1.0,1.0,2.80044024206952
0.18457873256158663,-0.8897894792244971,0.4458208760660527,-0.6391642284814094,1.0,1.0,0.36825684982311047
-0.9908933454513458,-0.6985452657134739,0.9230786246821792,0.4494010639621778,1.0,-0.4065325778370187,2.3576775599016093
-0.7072478526157608,0.010788330584948769,-0.8032943187681507,0.5882289859658917,0.22744231999912723,-0.9161371153276969,2.8315282200316405
1.0,1.0,0.4206942503997042,0.9347931031047867,1.0,1.0,-2.6290749885468845
0.5832822163536413,1.0,-0.5803962379725429,-0.06690744140797544,-0.7420191635955722,-0.3145307548947268,3.2341038605758383
1.0,0.596185823320077,-0.7143546609191586,0.7155244017715051,1.0,0.23893132195223643,-3.1651719345895786
0.474454391943309,0.8524345470486177,-0.22659444229992054,-1.0,1.0,1.0,6.9526416391537955
0.13969189768368498,-0.42042999488331095,0.754681358007764,0.10481400016662445,0.4600390409652788,0.29754255581958355,0.09985244365188628
-0.5358208087665416,-1.0,-0.05457893610189646,0.3360372827182956,0.20139370372086396,1.0,2.678221858962324
0.9867143207976914,0.7819885273435487,0.3674605704319649,1.0,0.31868909256165556,-1.0,3.264918420637222
0.9148597504942133,-0.7625214921317967,-0.2736042800162063,-0.37888588722463573,-0.5276729374728593,-0.9200975327979437,5.5612892075240365
0.7138013035871631,1.0,-0.16343222602982416,1.0,0.6175211038095814,-0.38921445908824226,0.4493776963962084
1.0,0.0026919269878406538,0.4133661399265171,1.0,0.576497034936365,1.0,-0.627198137718112
0.5403548949752892,1.0,1.0,0.8056510562018997,-1.0,-0.007727398991453693,-0.14995429689357737
-0.5566211388721668,0.4590505910753055,0.6207873194167677,0.7905233010796623,-1.0,-1.0,0.5349832544646338
1.0,0.44010416658358276,1.0,0.8008871407233105,0.011439520016798932,0.5113267232036982,-2.3598309664713253
1.0,0.3429012351337899,1.0,-0.37411433059169286,1.0,0.10867158526968135,-3.1540465003461513
-0.05605199149990092,0.9275875698075604,-0.12260141777055414,0.013212022521314704,1.0,-0.06458013610629142,0.7936792703729636
-0.3985670359821045,-1.0,0.6522550463528098,-0.6913131737287641,-0.5259173314705221,-1.0,6.112242369549177
1.0,0.14450715294477567,0.48575057544971045,0.6401708624958806,0.44712308404561973,0.5251146664934794,-1.406993129653283
-0.3503496762137448,-0.8688923578358854,-0.3962709759965075,-0.726979655950386,0.7875170472952902,-0.36578096430780427,0.7633575329404627
1.0,0.5303273460065554,0.754851614416284,0.9364481535697092,-1.0,-0.8823267373376167,8.160995493136946
0.6636258770331998,1.0,1.0,0.3227209007115198,-1.0,-0.8134787873452891,0.48522751888182547
1.0,0.826619806284322,0.739472465041966,1.0,1.0,-0.28324783762593353,-5.187418786609322
-0.6525638842390535,-0.15696279074061292,-0.4597333367869354,-0.9188516944841496,-1.0,0.09459514833592741,0.28207298368940065
-0.0871387428037304,0.4289907259504564,1.0,0.48062831513070076,-0.7688283557073928,-0.9469340308048855,1.1179353933477894
0.3087370937843683,1.0,0.863545747846594,0.14857901544840357,-0.654015043616283,0.917093698759961,-1.3368622018274379
0.0232820025165692,-0.3430339836450673,0.7526795479551566,-0.10776665437696406,0.4013382410497603,-0.8477890689327557,1.9481475937951198
-0.9619312323419763,-1.0,-1.0,0.19889224148649937,0.7237421422447314,-0.47503304287785214,-2.6823277006845605
0.8946422044484716,1.0,-0.11964526200867817,0.2074708135331339,-1.0,-1.0,6.074415842754928
0.13970355326228057,-0.2658159647845735,0.19061262645043808,0.8956737475551357,1.0,1.0,3.954566921363858
-0.08422446672142836,-0.7836794327994314,-1.0,0.40452088714526374,1.0,0.346782824356446,-0.8471951711207815
-1.0,-1.0,-0.8721847980966164,-0.059472748760523886,-0.6852232466472751,-1.0,1.612228190266836
0.505443615754688,-0.6937342807805822,-0.6410964568169972,-0.9001963564559659,-0.2027743765064901,-1.0,3.4461117460716615
1.0,0.5329018515251904,0.07440801109754591,-0.27896361199314096,0.545833536404756,0.5856052718369058,-0.3835189682739295
-0.9146652505031734,0.021284372063959944,-0.36370441216155047,-0.5642792634564948,1.0,0.5515853384307435,4.224136322383644
-0.36533101481269487,0.7677756852463915,0.3419650934151148,0.645785900257929,0.7276074504265555,-1.0,2.586546622420507
1.0,1.0,0.7277277627082215,0.5730359534514098,-0.6509366281565205,-0.13232920884303623,1.1089320418917716
-0.21862815077467335,0.4998522225520138,-0.9158571478732432,0.23534379778907488,-1.0,-0.3269620917232212,-1.4029152826077154
0.917098013922186,-1.0,0.7009159999445639,1.0,-0.3262866245574251,0.573932020694476,3.6850551728362926
0.6287501415217062,-1.0,-1.0,-0.36655496663319165,-0.5212718588677512,0.12409008097792695,0.3954110024730282
-0.5538750908374475,-0.7347761100497326,-1.0,-0.4422052087746069,1.0,1.0,4.724982402895196
1.0,0.49114005180989684,1.0,0.2686103511792597,-1.0,-0.36668452956804765,4.444883099128881
0.16196158383522058,1.0,0.34861361508958166,0.8357522519345629,-0.9848365929263961,0.9456795241438436,3.495867048516979
1.0,0.47769627311605367,-0.22855844294699412,0.8964941374222828,1.0,-0.19222626633350137,-2.117683846086065
-1.0,-0.12389237635379269,-0.5891394632933334,0.08284780511731249,-1.0,0.7929860841731899,-0.9892586620858078
0.9468595066565801,-0.5004849025293923,1.0,-0.8788356715826691,1.0,0.28059319828511886,-4.590701253405813
0.28496934484479697,0.8691979119644475,-0.30385015584114583,1.0,1.0,1.0,3.6040174933811313
0.7721314915081736,0.27180189079362327,0.046874792827568124,0.10926996429504243,0.3064689162433611,1.0,2.5630479070147665
-0.22490380077505312,-0.6137635791238361,1.0,-0.5222820236378294,0.9179579219272125,0.6774777975024286,-2.5098422016836017
-1.0,0.1081905713421305,-0.07381810470697103,-0.44172101546703835,-0.9819761922363398,0.5726772061089356,-1.9546007639164729
-0.859507015100968,-0.9046771154748293,-0.7674438751182197,-0.28903553445591623,-0.4167191363419817,-0.9554602893007191,2.258661325251063
-0.8638489378734691,-0.46719177034715176,-1.0,-0.6715316920274852,0.2942927650517286,-0.5630055421946862,-0.2574385371407284
0.1818591222536892,1.0,-0.11103172348134566,0.5618937113774081,1.0,0.18003482663873352,-0.3374159170216854
1.0,0.9747910580893688,1.0,0.0240200957435015,-0.7096747397048585,0.18023408497270732,0.19827504248042294
0.7071575073354983,0.6364065291462896,-0.18269793157921282,-0.6826785887293403,-0.8017710813486797,-0.8694393564378786,2.965719613623512
-1.0,-0.7392444295329446,0.4156958882005788,0.22869865441420828,0.2391260724582846,-0.5193481128083788,2.9742157778499028
0.05442335887438232,0.7742865651752943,0.48725366753314564,0.28305024180482496,1.0,0.5220451067721539,0.3374495478259687
-1.0,-0.6210731587934497,-1.0,-1.0,1.0,0.8768411431735459,1.4473964885420072
-0.24312709258737364,0.6738283174344635,1.0,-0.11548206901995212,-0.20522766870223363,-1.0,0.5267249612701728
-1.0,-0.33970759997036826,-0.730032972536891,-1.0,0.6563494336985871,0.7081851025109355,2.5701614153298595
-0.47851843855240367,1.0,-0.3733267907617681,1.0,-0.5580414813119823,0.42201417091824805,-0.3589723302652943
-0.4905042904108954,-0.5565780284665931,-0.17405433041973084,-0.9565394436136883,-0.39602211885180566,0.5936405095253424,-0.827654917673143
0.161424964561993,0.20638649538258483,-0.9189301980905206,0.1897024885519133,0.282488576755603,1.0,5.730091258605875
0.23563694973416444,1.0,-0.7430181102642615,1.0,-0.042040676713034186,-0.9525019247369307,3.044626393431476
-0.3320112618571395,-0.8059640684164555,-0.40399781408186164,-0.7005428589791689,-1.0,-1.0,3.308001020187296
1.0,0.8373520371709231,1.0,0.28664452418233255,-1.0,-1.0,6.112429854311454
0.2039114983547684,0.4873820515653371,0.5476633436061655,-0.2003483783465002,0.9767036160108252,-0.3366030856654376,0.36572414371503426
0.5315964358172276,0.962007998065044,1.0,0.4754394679249738,0.8215771430971892,0.9674580628628682,-5.586298339321315
0.48570272983637064,-0.8082453317360911,-0.5316451693539204,0.030374842811268232,0.1417367105386033,-0.19143261513304513,-0.8120509075769042
1.0,0.9598550096268451,0.9242709943255478,1.0,-1.0,-0.7608015548562495,7.078040088914006
-0.46094411284926,-1.0,-0.15517762055015594,0.5555603453222338,-0.2729421761543414,-0.0041304032338343455,-0.7374101080202469
-0.7327125679240125,-1.0,0.9448496283376292,0.15557253583485953,0.22318652341644823,-0.03045308484270054,2.9271887443822724
0.012012699342464073,0.7156743201216673,1.0,1.0,0.07123520138378403,0.6845614541567988,-4.520683064377686
-0.2747197626960509,-1.0,-0.5852202955462018,-1.0,0.2308274733904515,0.0754893667277223,-2.569139284021061
0.12402150780999821,0.48523656902469575,0.817912962801872,-0.9428472599707334,-1.0,-0.17833728182086947,0.5191124677983627
-0.7217933823654725,-1.0,0.30450394513787205,-0.8740597446753388,-1.0,-1.0,5.046189969870705
0.9148127976825409,-0.40162891925317823,1.0,0.06338320055500392,0.25687835646677426,0.5252551419165068,-1.3361472014327818
0.8072287160907015,-0.5522897537188219,0.2654818037521608,-0.6585154584897841,-0.6609170458666558,1.0,4.944221183977213
0.98576597322524,1.0,-0.17737633821280452,0.5227208340641363,0.0912366368893129,-0.0926654093760339,-0.25283038074717645
-0.6596362398662129,-1.0,0.1794406761212678,0.6193859937960724,1.0,0.7077588237298529,2.595912930782136
-0.30184149693205836,-1.0,-0.09535938664291249,0.9539233667269651,-0.8976664012383249,0.6286876442020641,3.0121488517364847
0.004154169424859466,-0.47349991639087186,-0.08685527055770059,0.1195461111036793,-1.0,-0.9313357628909027,1.2444341123063194
0.924374868611135,0.2687724957118279,0.6446095735153561,0.20097686235185783,1.0,-0.5021294906609641,-0.9635992177642518
-0.5143556702762655,-0.9917954483706612,-0.21419270291837478,-0.8143564069146978,0.5260932416358709,-0.9906996016991098,5.041389585035519
-0.6157131778459334,1.0,-0.04832447850751223,0.2008353746436068,1.0,-0.13737413106852514,2.130044308436983
0.023428490413291814,0.2575121528514416,-0.49411361780291474,-0.6896667840271054,0.39187889649455865,-0.14944457428549923,-0.23839533414128083
-0.1414989192033274,1.0,-0.4449892973632348,-0.2694094681175646,-1.0,-0.3120026281593148,1.0482820960571169
-0.6671204109819591,-1.0,-1.0,0.11492366482999905,-0.715085689836859,0.9539439804099019,0.6592651215392247
-0.3824961011528325,-1.0,-0.7552141111918551,-1.0,-1.0,-0.9050050884425453,4.139431297506564
1.0,0.3675049575042864,-0.7364589132234196,0.2988246131067449,0.9979320717742657,0.3511802365404002,-3.4706465607847834
0.1585248719641097,0.2267719107550743,-0.25298839757312785,1.0,-0.06594323580259764,1.0,3.573703877071461
-1.0,-1.0,0.7153263169862208,-1.0,-0.857054790263418,0.30048018552860395,-0.6444044353921928
0.012505825349825112,-0.002022168884723119,0.2436498429001952,0.0787251187577638,-0.6895999920780735,-0.09385003431000194,0.8370605314310965
0.06127201640619582,-0.5910781206788303,0.7720800692646437,-0.10083511053044925,-1.0,-0.12580647375835197,0.4254332469720862
-1.0,-0.20629167470292353,-0.7321730057595185,-0.008592024026992773,-0.22979919181257302,0.9160409642085974,3.3723868000574746
-0.4842213127886976,0.47865853136834596,-0.7422412168713366,0.2831279293038577,0.07864402965007147,-0.18223895467285545,-0.12870672302376285
1.0,0.4652003389825308,0.7024393973833248,1.0,0.48726439926939347,-0.3367313577651963,-0.7165277989595886
0.17220586646928868,0.7279314014614142,0.5958100403857169,-0.99040114412531,0.7185775249772293,-0.26671363935223247,-1.9572973057120677
-1.0,-1.0,-0.153019903296026,0.7344224682851102,-0.4834247572284043,-0.3845107079144088,-1.6528596294592415
-0.9741398601230689,-0.7784660973283486,-0.10385181569901192,-1.0,0.6484548961662071,-0.17992069552622358,1.871773208396245
0.810349431131793,0.06770718912156082,1.0,0.07016821959985109,0.5475012937469383,1.0,-3.8931628681055623
0.3134456304822798,-0.8110431908866769,-0.840402364227111,-0.5801021253994576,1.0,0.30592096857893125,-2.61171212216651
-0.39423248787162785,0.027288338640335252,-0.45037607534168134,0.6775529642832043,1.0,1.0,6.365478215423876
1.0,0.5454301141787244,-0.05893917079699407,0.9488877550508467,-1.0,-0.32084962591825,4.501765470536044
1.0,1.0,-0.4262706182787819,1.0,-0.9936053136254455,-0.18247111510505332,6.245041866628164
-0.4411949015258345,0.17528980674262407,-0.2536848897769701,-0.33711907743586833,-0.29260611364867306,0.2370006234235309,-0.09354441038859555
-0.4047349837069738,-0.9787590285456407,-0.3874924526378867,-1.0,-0.3425684211558832,1.0,0.26045111312849395
0.09285452469800684,1.0,-0.002563211892736006,0.48761126676783784,-1.0,-0.14848150885798328,1.6581222815299097
0.7806002640294907,0.21771635829216107,1.0,1.0,0.3692960292926958,-0.08859889625237705,-3.1695924904306674
-0.6157353225259414,-1.0,-0.7184401906377649,-0.36412795885076943,0.9043816843316186,0.2862776575134276,-2.0332926390065995
0.8754949024414023,0.3530320469565368,0.17627798135972303,0.031102438687070286,1.0,-0.4999694376583402,-0.9881381371066478
0.41778898310459334,0.20087021709958042,0.1333047886416176,-0.513454371344535,0.8223586947385326,0.44685929985979,-1.088061391245116
-0.7932593999981365,-0.49180101980101143,-0.5242008578239556,0.15268405544810942,0.8127121147558041,0.522929921259436,1.7754757546179711
-0.2531728139969076,-0.8500277787421202,-0.026743246632272344,0.4409408695553432,1.0,0.5555819323627935,1.203277003724205
0.7577604097407022,0.38134372697109126,1.0,1.0,-1.0,0.3591588788301268,1.39585597149165
0.6184210675574653,1.0,1.0,1.0,-0.28689478623147324,-0.7738036441107299,0.9299371696026443
1.0,1.0,1.0,0.9999115562237428,-0.9679374607611392,-0.02192673440486781,3.7417532195751653
0.2083084297434068,1.0,1.0,0.6527810078444469,0.311191618167523,1.0,-4.5737703414099204
1.0,1.0,0.5768554625910319,-0.04608693990282797,0.05846745012408816,0.7119301522763675,-1.1562846115627432
-0.6419511942027284,0.494904167825062,0.9911249686098519,1.0,0.12917153482937205,1.0,-3.7874494326815986
-1.0,-0.2698390136115517,-0.7108685762264587,-0.9740283516052891,0.29178639455183575,1.0,3.3621075335911987
1.0,0.7872197279680208,0.22162999143760143,0.4855613347820599,0.28662570596836345,1.0,2.0133667087350844
1.0,1.0,1.0,1.0,0.650780285994803,-1.0,-3.6873681703187455
-1.0,-0.4697369042439462,-0.3370678961714999,-0.7179742976006056,0.7813459146273283,0.1394651971414793,1.3067625374492846
-0.6128224318885842,-1.0,-0.3544681981739981,-1.0,0.3629343391954861,1.0,-0.7419281739480365
-0.01442374756878717,0.5206287104870313,-0.28499355448226293,0.5396823927039756,1.0,0.5635935000413442,2.2104178828068135
-0.8147585758740827,-0.5679172511051689,0.6343963822852374,-0.026769522445553084,-0.13127708975831232,0.5890078990756928,-0.6705186548981449
0.362911555323685,0.9815091758926806,0.9975268326678783,0.7912233863601834,0.4897417364201951,1.0,-4.922730922181204
1.0,1.0,0.2192129695083722,0.5571482491544391,-0.23839297516922164,1.0,2.7249873705190852
0.9726776654475917,0.08688228207654847,1.0,1.0,-0.6109781693675014,0.4273123524521205,1.1359588035242965
-0.20430256601381497,-1.0,0.013711115473981393,-0.3071026976238955,-0.33829678665767876,1.0,0.779617922877963
-0.81144270689598,-1.0,-1.0,-1.0,-0.6358586384473442,-0.4649971230224237,-2.0256287340836967
-0.24048765266812588,-0.5264266851035551,-1.0,0.1313684428996571,-0.3293115199786998,-1.0,2.6696835096279123
0.6160468999147635,1.0,0.7843944855347376,0.19054047494692483,-0.9017753005269167,-0.5058018006680368,0.45707965891829144
-0.15321770624118902,0.19210399704562542,-0.46357419179400977,-0.29123218778441706,-1.0,-0.8660629674233105,-0.5576121896901659
-1.0,-1.0,-0.5083696752219788,-0.4269889632821141,0.19572216797608633,0.6022864759938102,-2.403608346417278
-1.0,-1.0,-0.2914069994558586,-1.0,0.11597324590656177,-0.3593403339516852,-0.5754774307021616
-0.3021201975986628,0.31763782924489203,0.36304046088260544,0.7771234167924246,-0.8626698624917403,-0.7999087931109342,2.58788521417873
0.05657576912143891,-1.0,-0.9426850426448846,-1.0,-0.6629537363026106,0.6334585914528263,0.6831739270733501
1.0,1.0,1.0,0.23692451689117888,0.4869547842405517,0.42755683295597463,-4.503420551164881
-0.03573786582715055,-1.0,-0.09386062627243563,-0.9029616576534356,-1.0,-0.859836406207529,7.389869322680339
-0.45401782533893764,-0.1465880251451806,1.0,0.3203340125458545,-1.0,0.4376762917178468,-3.6831863847398205
-0.5624829344249326,0.24460826434708766,0.3357419571842897,0.3425059050613477,0.6487292938221735,1.0,2.817522237106728
1.0,0.969858135885648,-1.0,0.660860356766565,0.03230181795879783,-1.0,3.64474520283576
-1.0,-0.27507543917626376,-0.6009432601821962,-0.5398766448530088,0.13385406474513184,0.27612644263009856,0.2266675758278513
0.40351444076982035,0.16722710395131613,1.0,0.3409627684475968,-0.6642516101012595,-0.9782773050673659,3.4541957019892964
-0.7746166677343151,-0.5627293168106143,0.7249507898463994,0.26926743460328506,1.0,0.8579675883745326,1.4838569006098878
-0.610702927576958,-0.6348935023521378,-1.0,-0.5115423958089396,-0.45406609950680465,-0.3594913648339679,-0.3334258726982826
1.0,1.0,1.0,1.0,-0.8356371937383611,-1.0,7.731799893984501
0.8161556691343136,-0.11504751946753733,0.8329196308213704,0.43331386810480266,-1.0,-0.4833946014149977,4.335152263155126
-0.5211922014288416,-1.0,-1.0,-0.13991954862988165,-0.19120242702551093,-0.3996943117297048,-3.5244080936883804
-0.6594665027063303,1.0,0.06833483627706802,0.3404335713090135,-0.03747548914317034,0.4738804765495539,0.4784902373454355
-0.5408911664436047,-0.6713505349717015,-1.0,-0.18467201972666625,0.485493726144948,0.34626082779827466,0.4708836007869657
-1.0,-0.3913223283066729,0.4796296265324663,0.5592274620676335,-0.7942439787884259,-1.0,-0.05102143090595168
0.509447577194315,0.4599585660540773,0.45306278300127384,-0.29431625832343555,-1.0,-1.0,3.780434607435916
0.4152647209154701,0.5286262181519238,-1.0,-0.1253909149737814,0.32415609181752947,-0.3158456093486508,-0.4382694233324795
-1.0,-0.35262562144650045,-1.0,-1.0,-1.0,-0.03196306299476559,-1.5041771666816675
-0.047611039909217445,0.09506300463117379,0.30386489431020364,0.2891991934099389,-0.4386398383872998,-1.0,3.1555504501084095
0.17226123897070178,0.09181804418079476,1.0,0.010052393819883765,-0.3750236016533014,0.21064332273202122,-0.4001661925249882
0.9364803015604917,0.1728146540468805,0.07860544193883301,0.9310821419483688,-0.43583242117200455,-0.8584516905857259,5.458176181438226
-0.17878133108447528,-0.5456405857683939,-0.13653557834732316,-0.9741552151265545,1.0,1.0,4.082804030042804
-0.5591051112151983,-0.8189190803380377,0.15572923643777992,-0.28349688225083824,-1.0,0.24961899324487702,-1.3752307575531775
-1.0,-1.0,-0.7531147622800876,-1.0,0.06268243620723646,1.0,-2.8243661411154926
0.4538818843731156,0.29657680683765353,0.2551798022215288,0.048598131178648085,-0.6580094711837129,0.6231446284738237,2.816135605512505
0.6706081867079879,0.3463934796771953,0.48112645765624357,0.060023219417700724,0.6926330949671089,-0.6532861379122963,0.19953830705832148
0.5094825876361221,0.6863305379969606,0.16707119897997005,0.44315857397243963,-1.0,0.1932981321381107,1.1449834333751014
-1.0,-0.8046979394517068,0.3710790416351558,-1.0,0.39843282053425205,1.0,-2.330108797220718
1.0,0.8841979894669565,1.0,1.0,-1.0,-0.8289934227038558,8.227441713971894
0.542947947346712,0.8004993115911112,-0.03062437705876679,-0.5481493457346581,0.7127538152327527,-0.12074071499358341,-0.7613891071600742
1.0,0.3575365837031821,0.7902376384436479,-0.9476563833989257,-1.0,-1.0,6.868198713382283
-0.6238001022147192,-0.37825267919097216,-1.0,-1.0,-1.0,0.2438004404409556,-1.790417164458005
1.0,0.10463105127934469,1.0,0.418021184083162,-0.15193681130233494,0.0012812450093255823,0.6516594989031771
0.026333929791700905,0.6971874845564048,0.37958840857930076,-0.05152976112745444,0.005607969102508048,-0.6795547568145324,1.4075359154387663
0.9667809189322396,0.384593464574766,1.0,1.0,-0.8576884608100447,-0.6686250171337641,5.3605499087957265
-0.46098790980275206,-1.0,-0.6512477863927417,-0.6174310236360419,-0.9232551385111487,-0.08746833165267115,0.3566373679197743
0.9605578038799872,0.2820299112199599,-0.48039723018281333,0.011630528865320344,-0.9832170784502481,-1.0,5.570733104482194
-1.0,-1.0,-1.0,-0.8537804184441793,-0.6242626239809856,-1.0,2.790990862377092
-1.0,-0.20849648101352092,0.9298998345579313,-0.9670785861837655,0.017149882233451264,0.07671796865565672,-1.4418153961454871
0.48494603673984993,1.0,1.0,0.8283441033336427,0.7174795686659942,-1.0,-4.362966068156754
-1.0,-0.2790804872284046,-1.0,-0.642205233170049,0.8069890043518365,-0.2253829775156606,-0.7829883927500674
0.18308514288739763,0.7991079657454551,-0.30205024442792056,0.5074667374565607,0.35105343334980615,-1.0,1.9798686404534434
0.10244214825154091,-0.43406320440239643,-0.6626265763623044,-0.500131686127966,1.0,1.0,3.2767299322265235
0.4193205187912361,1.0,0.36018999591958223,0.2944119198947883,0.7644905660417288,-0.05098883205469196,-1.6732329380567492
1.0,0.3663990491960746,0.6674870772148408,0.7170808426283612,-0.1377549165234595,-1.0,4.342047604721367
0.8941447116827363,0.1636300959016258,0.8261544290782398,1.0,0.5754880866775018,-0.3258918518251753,-2.4065880965786017
-1.0,-0.9418261409140305,-0.4644296122277628,-0.02089473507870876,0.12616719882125582,1.0,1.636495393520587
0.3708370716083047,0.5600208323396254,1.0,1.0,0.8689575701719588,-0.3391717452586695,-2.234477840616202
-0.6405774051536828,0.3686705156579412,1.0,0.0989710819889982,-1.0,-1.0,-1.6913368718702897
1.0,0.8892548328216229,0.014418221762513062,0.23427217083495666,0.057196614069539464,-0.34198047787771846,0.14246303637372523
-0.8235526503426712,-0.048693017087483054,0.2467618639677171,0.9188743420513759,0.14220222392897824,-0.0773209811005815,-0.29566830336469613
-1.0,-0.033377181945958845,-0.5871511794675304,-1.0,0.48620556315454444,0.17688873639601924,0.8446081270759027
0.002401227041829962,1.0,0.7356123000005206,0.1675643286668933,0.3048859874213987,1.0,-0.002767991610185233
-0.48482277678249697,-0.3911486388706341,-1.0,-1.0,0.2034289509423027,-0.6050873935866586,-0.6484071912844689
-0.534797903665719,-0.22186873136117202,-0.9280375837651742,-1.0,-1.0,0.09028649585526538,-0.13354561646585417
-0.9904085712272446,-1.0,-1.0,-1.0,0.34533142097513386,1.0,-2.062208024544785
0.22522280942255335,0.12013758658150842,-0.6446483785558184,-0.5875290766209866,-0.8272495419488683,-0.3451474712309772,0.9262978935106431
0.07715730255625908,0.3313256190906972,0.9447260445221832,0.819291668812056,-0.2328678195561159,-0.16055972242566807,-0.13047417693716867
1.0,0.7707564476270305,0.27639426354674845,0.9440451591871171,-0.1564813970771094,0.3903205091974349,-0.05184660918205086
-0.6524591779076535,-1.0,0.7781905326904575,-0.5557183330586188,-0.8273392903201933,-1.0,4.582151843973078
1.0,0.8579924925663549,1.0,0.6138625459951279,1.0,0.6987820063085683,-7.6696694777842325
0.018800465211604722,1.0,0.18921470137071883,0.4925406023525971,-0.8663108788357715,-1.0,2.3134257779429466
0.16060816062123257,0.26438869383899566,0.5096140255015088,1.0,-0.9942442916832614,-0.35174426962483063,1.6720342468526197
1.0,0.39572484400036506,0.27478960782802075,0.5067288686651508,-1.0,0.44252350637185545,2.8709177634895977
0.09204383396703864,-0.10022473617473715,0.8599981412308085,0.23723627627766852,0.2601924812105625,1.0,0.3792042033860239
0.40665752016483964,0.0939477772377375,0.9490819132674928,0.8825290229850844,0.23996495053776745,0.16095388003480005,-0.765373201522325
1.0,0.5297290232569918,0.5462112892014566,1.0,0.19930437290979053,1.0,-1.2414087497014406
-1.0,-0.5935043120388994,-0.03275930702514662,-0.29940761671537586,-1.0,0.8882494800053349,-2.749609613931259
1.0,0.4260545071704145,-0.459478423181704,-0.1379314616639681,-0.2255609189798098,-0.27945326490676603,0.908972234636966
-0.10845990008745365,-0.8604025288124406,-0.6008048123522831,-0.5274958095504545,-0.09842700158191309,-1.0,2.708345253005357
0.5665515247233301,0.2994673106404735,0.9309790725802554,0.4961007755359168,0.6575235197205322,0.8457121594186421,-1.6629375108439528
0.08829079522527006,-0.1116729301267888,0.18194953016669735,0.9142831364869612,1.0,0.5258374070027628,1.3622039989890353
-0.21987911155036377,-0.45356488180863214,0.09297306039524733,1.0,0.5897008361386824,-0.25987704761679553,0.3409191579009431
-0.008134161603996048,-1.0,-0.35001948797716465,0.27988010835763955,0.8475833652430682,-0.5083516742922909,0.09429565587396638
1.0,0.7847196243711749,-0.23925931471207718,0.8518824244196157,-0.2656327482446823,-0.9422567443253735,6.45583543644881
1.0,1.0,-1.0,1.0,-1.0,-0.8414048294895347,11.293699778915098
-0.2510441945884907,-1.0,-0.5520384395529356,-1.0,0.6622977902449285,-0.4698039274898276,-0.9777945536747654
1.0,0.33985406806240337,0.06672027601805008,1.0,1.0,-0.13835236146116825,-2.03848787291447
1.0,0.910833374573302,1.0,0.4897053417531878,0.19325290025724584,-0.02838678972998264,-3.571513684243229
-0.8595403198316309,0.6497730085594089,-1.0,-0.6690012287770815,-0.8971127749392295,0.4464815421974905,1.162344389227422
-0.6237511803222607,0.041741711931252645,0.44640359273692615,0.49599915921642695,-0.1504092815994449,0.04726967116462322,0.6410309850752396
-0.09050474713627749,-1.0,-1.0,0.2674545458583608,-1.0,-0.13677488136139182,-2.855801038155606
-0.3906074730431659,-0.5697553631916283,0.6169342290716264,-0.13479727583771373,-0.5703473282049647,-0.22103376878538494,-0.2078008774415614
0.6751039360983246,0.32974833304398354,0.2713357705263812,1.0,-0.8519082560934066,0.1394441220957563,1.2818736624177958
-0.1576646210334054,-0.9170787708745918,-0.3116415759506306,-0.2240059333031177,1.0,0.572518560390082,-0.26873529947893
0.42705886132628557,1.0,1.0,0.17323249551841302,-0.7765284063521538,-1.0,-0.48553672658710195
-0.21364446378112767,-0.9134044030245275,-0.373093761732185,0.7647511852531287,1.0,-0.47536287501267727,-0.6401386887581242
-0.17637351929800713,0.22802309970827367,-1.0,-0.37810464686906065,1.0,1.0,8.21639678565732
0.7408079785414636,-0.32049588072777113,0.2034639811924066,1.0,-0.3764570418155522,-0.38503495838461554,1.8313063977170982
-0.9055991969401963,0.3170305906725634,0.34753536406675295,-0.3888769872950717,0.28948801692086734,-0.23350745732108447,0.8167114200402888
0.4510547094534655,-1.0,-1.0,-0.044681744220806285,-0.022974843669654188,-0.9728493697795202,1.4216682903058664
-1.0,-0.471726585937773,0.6836153166370401,-0.29488468885658026,-0.22007973388731578,-0.47179267723692164,1.6272573097468985
0.1815986795051507,0.6849713438716435,-0.8633549422007882,0.5592188222541926,1.0,-0.8643242260109538,-0.10694785114398841
1.0,-0.022442649870005327,1.0,0.5627904585770259,0.7334776033455368,1.0,-5.461257159278582
0.04912709128397674,0.4442882826048604,1.0,0.23250293528609278,-0.6344833957812039,0.7186870221060474,-0.7372844821599601
-1.0,-0.9407511045020951,0.492059920312936,-0.07929615013646507,-0.7558087146798889,-0.12393359712251495,-0.4645527162508515
-0.7460234890775392,-1.0,0.045059555676466634,-1.0,-0.15096729521489793,0.2732040763553143,-1.3713092128843334
0.768506246769377,0.3543990405735318,0.7491801592869123,-0.7808298677077746,-1.0,-1.0,5.462931779778093
0.7270316552895307,-0.9288967491019162,-0.8071776976623188,-1.0,-1.0,-1.0,9.669373447496591
1.0,-0.22017608695578156,-0.05636972697905679,0.411411870173494,-1.0,-1.0,7.582180850403326
1.0,-0.04522550374282985,-1.0,-0.2893785941428781,-0.4510530037176572,-1.0,4.006616957157314
-0.8180331367800903,-0.733969633814852,1.0,-0.6026187449304445,-0.1404612084025889,0.8293128342781781,-4.4312668278651355
0.13177480742641506,0.03448552622918227,-1.0,-0.06877010015013552,0.4413850312510881,1.0,6.710026498606332
0.17149230966708628,0.07497418979836667,0.025617830462390856,0.642842465544748,0.12925986394961364,-0.6529984832009175,1.5682040418945402
0.06093749362855855,-0.48193533063395744,-1.0,0.2068542774466715,-0.5553679240435904,0.6044302374954226,2.1730732660552396
-1.0,-0.9464631773324943,-0.5608307857623862,-0.34979882514357974,-0.8705245180290425,-1.0,1.6953863826587672
0.5631134039262109,-0.10069415643282834,-0.14726503029805504,0.36613843278251457,-0.5105252665988118,-0.7528709789916112,2.5680970063724025
0.2851812461749801,0.6261421300566956,0.029490723334039792,1.0,1.0,-0.6507472693341051,-0.1208960109246136
0.31160620114277215,0.516686193200423,-0.17130537530050383,-1.0,0.09970505760892923,0.7274761466690636,3.232877411767002
-1.0,-0.12496412794113487,0.060606502839385956,-0.40619509841437806,-0.7665632097767041,-1.0,0.10774221034558143
-0.5229977292606682,0.4361662039396217,0.34255372410493057,-0.7592114109015143,0.485768524643906,0.8366713153077511,2.234469702556107
-1.0,-0.30178973651783536,-0.11236521006607947,-0.7948813076385164,-1.0,-0.3284566424905526,-1.2937162710655383
0.4046168966834915,-0.1900297644410731,0.3596705412105181,-1.0,0.028621512486395773,0.004981190887711068,-1.0173177148260542
-1.0,-1.0,-1.0,-1.0,0.10862196535476598,0.8643405324202025,-4.520583334444196
-0.12084113051943998,1.0,-0.508497571561542,-0.18400852077751584,0.3654992585633807,0.23747681537100873,1.6750615810240368
0.39880517601725374,0.6542288828407523,-1.0,-1.0,0.6627925856276021,-0.3467360181321469,-1.8456594653359102
1.0,0.8336708730365558,1.0,1.0,1.0,-0.6086971071498197,-4.804555880632408
-1.0,-0.9309200668992859,-1.0,-0.42116335660003457,-0.8809511923911937,-0.8443425441321861,0.17819621488814918
0.37578974697588363,-0.7436717133303702,1.0,0.5090131395150153,-0.09778781907270934,-0.7183924020458232,3.626485273901194
-1.0,0.9377244297704717,-1.0,-0.9318689990883329,-1.0,-0.12984964221189177,0.22356542737889956
-0.3069461148698112,-0.6691775308468673,1.0,0.5271033094072066,-1.0,-0.21766141453731847,-0.2971727303930545
-0.6637084700720609,0.36011103951595635,0.4726609350026944,-0.5483188117504574,0.4718181406096916,1.0,2.643842147094976
1.0,1.0,-0.709485754489033,-0.20310104253174943,-0.7101750827051214,-1.0,6.021715079843773
-1.0,-0.47934238779353266,-1.0,-1.0,0.8176202562221605,0.11481902607695094,-2.8528727164379992
0.2275175149786433,0.4668948546363606,0.9978913053811569,0.3926259166896228,0.44174667256689126,0.24308418157657474,-1.4681838169007775
-1.0,-1.0,-0.7977211204709838,-0.7499310942849076,1.0,-0.15378077526184786,-3.782182458166347
-0.2608244021901345,-0.7223925185437046,-1.0,-0.5728025283173159,0.5035471490501371,0.41903434081685415,0.6083281192610264
-1.0,-0.9873718465400101,0.13739399762410034,-0.8421262314793654,1.0,0.46791150701586953,0.8167788150223867
0.5588130143501973,1.0,0.8657257027716505,0.33455600947925324,-0.2075229401273151,0.5057385095489568,-2.276404537917444
-0.24269689801755168,-1.0,-0.6400109966561371,-1.0,0.6279784662335158,-0.2804266459159936,-3.0008724078985978
0.21111305966348126,0.017896287001896688,-1.0,-1.0,-1.0,-1.0,2.993292024863046
1.0,1.0,0.1303320642243534,1.0,0.8267025785091949,0.11191588588597395,-2.744514339149316
0.569159117466091,0.7901493839632684,-0.2539799333198732,-1.0,-0.3238324320172859,-0.36937144319893744,1.479866867556522
0.012992792315882296,-0.3934546566113,-0.8791654850040552,-0.3664194275043871,0.9479316480550535,-0.92976903364519,1.0868868071441493
0.011233832554852732,-1.0,0.7011120071679767,-0.09075530710374191,-1.0,-1.0,5.929407860280807
-0.9081189429284258,0.2898787457243942,0.03583041041890267,-0.9581112887919067,-1.0,-0.12102503429034028,-0.8458933702131375
-0.0681389047224149,-1.0,0.5418919909893076,-0.5689720369802462,0.28473630391362337,0.1919587011553412,0.46400307053637757
1.0,1.0,0.07548901589807522,1.0,-0.9971709658496347,-0.5813906864447733,7.9850229569907665
1.0,1.0,0.5664129293731224,0.6217785181960358,0.9628956941083184,0.3292097821549036,-4.332929240207421
1.0,-0.22207359756544887,0.6358662960090362,0.7088114932373955,-1.0,-0.3711848004835474,5.308526387112168
1.0,1.0,-0.5547895433280773,0.6588643625753193,0.06998695957254836,0.39080118938167097,1.0001217704815848
0.3286768907566774,0.8419782140178698,1.0,-0.37990746489486604,0.2981798174678588,-1.0,-1.0204520817573968
-0.8007465657031153,-1.0,0.14617433630028653,-1.0,-0.8846998448208285,-0.7553175717094056,4.746287798712709
0.624212778874907,-1.0,0.2425620091578059,-0.3376963191374697,-0.571724286870642,0.6521085070593512,1.109028108894901
0.9482519358679178,1.0,0.6537858718265153,0.6046736052986997,-0.8920719176516068,-1.0,6.361826564014123
1.0,1.0,0.2839139428044193,0.14630812465951704,1.0,-0.16700340196282037,-2.5233296495080855
-0.23174646556874068,-0.5646867160746367,0.588310052097771,0.1856003041621559,-0.7194327857137331,0.9095651582200553,-0.2594205696018013
-0.38674814496561993,-1.0,-0.2669996532380734,-0.08439365559384027,-0.7065957417856041,0.03124186594213195,-0.23990068942483744
1.0,0.591302548755442,1.0,0.8001120112569307,1.0,1.0,-6.665235407691232
-0.5264789715572329,0.08291830101953038,-0.19201946368792133,-0.49226825904715954,-0.2475780976742029,-0.6532062765239082,-0.10856221364452145
0.07716685840028481,-0.48102520601420296,-1.0,-1.0,-0.030578199444913523,1.0,4.529398652235235
-0.8086865278708131,-1.0,-0.9531143004246182,-1.0,0.7139465516948441,0.44770532352877135,-6.502830841152426
-0.4257940153771991,-0.5817265605891593,-0.5773700239691499,-1.0,0.5930371737028299,1.0,3.305023916617101
-1.0,-1.0,-0.5774978372351467,-0.40126789757159165,-0.89997563665169,-1.0,1.12984531093367
0.5449990830391788,1.0,0.7162808955332536,-0.09730409868095335,-1.0,-0.014217866032119497,0.02457199814755251
0.7546634813974229,-0.2113843121787864,0.8599017397298001,-0.04710692924230869,0.877258511772204,0.5960647682147718,-4.002672680651904
1.0,0.7025007022519725,1.0,0.38075271669644395,1.0,-0.6323154316999456,-3.272225241637797
-0.15992688994950643,-0.16576526429413696,1.0,-0.8709726108373028,-1.0,-1.0,-0.0833025716440175
0.7442631423547218,0.8506321922485076,0.09156360115040607,-0.3561710550114856,1.0,0.9290389309207844,3.2795806541139987
1.0,0.3717161041903744,-1.0,0.7127008593744748,-0.7706847877990668,-1.0,5.068081365956281
-0.15259511834458972,-0.9419775702230067,-0.7372113828233056,-0.08694929405973695,-0.8069001650392353,-1.0,1.9043570289242175
1.0,0.8543845426678655,0.20671900622681694,0.5104811480938567,-0.38641940652768725,-1.0,6.4921282023359135
-1.0,-1.0,-1.0,-1.0,1.0,-1.0,2.084893451185451
-1.0,-0.7709448879989604,-0.9744399049694674,-0.45845075286557435,-0.18121755795500294,-1.0,5.0386548160019675
-1.0,-0.7409052017577245,-0.11296591965015484,1.0,1.0,1.0,5.143040362170564
0.7765218149161304,1.0,0.2828937151720128,1.0,0.07727276518039355,0.25828028408617204,-1.1085585211201585
0.9501124157457819,0.01169176510305664,0.06709638788305045,-0.4220380118171093,0.9916357538389471,-0.32972943691503653,-2.28843767030095
-1.0,-0.38863647760899056,-0.5866925311138962,-0.9916462073891177,-0.08754934570112027,-1.0,3.213790476405358
-1.0,-1.0,-1.0,-0.9157412631365609,-1.0,-0.17867480831329383,-2.261408017958398
-0.5226627717873775,-0.4727752384954473,1.0,0.7479683951093636,-1.0,-0.6927641836749621,-1.3565694726149957
-0.7063020776353188,-0.4853690151260752,-1.0,0.4357950028601912,0.9648965998074726,0.6617262886272368,2.3834274367744324
-1.0,-0.11037347140946285,-0.24984604206126226,-0.8883706571638561,-1.0,0.1322695649888126,-0.5608149234272343
-1.0,-0.1226107531974246,-1.0,-1.0,-0.533614741270154,-0.26820944747523234,-2.069189249647668
-0.9986210421046622,-0.3092793654193198,-0.8712551088520735,-0.4685472980260984,-1.0,-0.10101487103701967,-2.825837872995354
-1.0,-0.27735628179965954,-1.0,-0.7954496135688309,-1.0,-1.0,2.1036992092956064
-0.24259411065996084,1.0,1.0,-0.8380406890703482,0.0452103783045012,0.3549813248344049,-3.0638658121833355
-1.0,-0.6799722088017665,-1.0,-1.0,-0.5553303661255723,-1.0,4.271333582461626
-1.0,-0.553653562581053,-1.0,-1.0,0.16803011728855943,-0.41683251676231536,-2.4119240580541605
-0.6296429381354237,1.0,1.0,-0.08709883291059739,-0.9191559130536983,-0.2803451436145964,-4.682310319273342
0.6021641509691966,-0.5670376669218232,0.530071538988839,0.08245533181920167,-0.6416889270289352,-1.0,6.58982861575665
0.019121127908901192,-0.4211734650728908,-0.6797037691335597,-0.07352815001983443,0.09731546615275355,1.0,4.2664509710824685
0.09553805745184141,0.00698051576636613,-0.34853143330564396,0.9855974134572654,-0.6975438217941274,-1.0,2.578484855274666
1.0,0.09271123876399434,0.006350395454300495,-0.8659201137317651,-0.8605458002444869,-0.8647405549182716,6.478665297777969
-0.5319933717681262,1.0,-0.9065983264737345,0.053301435353611426,1.0,-0.04719644795830702,3.8517031990317396
0.12032760332222348,-0.24446624815726853,-1.0,-1.0,1.0,-0.06422596847019894,-1.0691132428712804
-0.4308019214548654,0.2767486589616105,0.3714212933685904,0.7686482503674726,-0.7136872343720186,0.3783122831107721,-1.7399388353948655
0.8772445329161236,0.4517392302969738,0.5770972953842253,0.7225566856643054,-1.0,-1.0,8.359369067933452
-0.19321568545470147,-0.4765068037526903,-1.0,-0.628051243426546,-0.41510094148390797,0.30097065685090707,-1.0222630991500559
-0.33451421067236153,-0.22358332289860905,-0.5324199929932143,-0.6420216386255643,-1.0,-1.0,0.3384449934784177
-0.04606129930826952,0.6710948297803268,-0.1045216691968116,0.4541190874080271,-1.0,0.7406065294467636,1.9824915747930174
0.285557509381118,0.42009992581531636,-1.0,-0.17332750176073508,0.30328446879129156,0.09152307286304892,-0.1705668251240087
0.14243391312099357,1.0,0.16347126753536867,0.746859341758443,-0.6581760037991288,-0.26741206875215406,1.0201452921751453
1.0,0.9499125691262389,-0.03827353306290504,-0.4242524998902437,-0.2904439498232687,-1.0,4.303959691383623
0.2883292294350868,-1.0,0.3731200055687505,0.0035430607516738766,-1.0,0.42359095046078576,2.74712812431404
-0.08357691715923576,-0.9093096227867306,-0.9230570681296679,-1.0,-0.5037966935239688,0.22665670163045748,-1.2737880260005454
-0.5357327885482905,-1.0,-0.199855242309817,-0.09689574879473595,-0.49485763362358703,-0.5862785644019874,0.40293070986051005
1.0,-0.7755838694458113,-0.9278121286967249,0.7796631163441223,1.0,-0.26586551572552997,-3.812657483618902
0.42612929839530966,0.6754907839140705,-0.08822558010084244,0.7696834578248336,-0.024496230423156518,0.9422108112009535,2.824098598668161
-0.0749791135086712,1.0,0.2867180141831518,0.4270877863084812,0.2865093970263499,0.5996718270292841,-0.3182105421778032
-1.0,-0.8384286894650472,-0.1799245070274199,-0.3803664573713956,-1.0,-0.8400223695939916,0.9613209983702724
0.06708579353744248,-0.14135178409215865,0.1934534077909873,0.8383240987564134,-0.5833762803011724,0.6553457667679964,1.737389046468825
0.3772910151084383,-0.28753527903870135,0.8402820073565318,0.735921808850164,0.3658254251013897,-0.4518909721986631,0.021529318128589728
-0.6790440043298651,0.7812805152162047,0.9010123116669373,0.41464640480209225,-0.7512844028923915,-0.6154309075112598,-2.8077328055186377
-0.5132173332693085,-1.0,-0.4600084566067286,-1.0,0.05581836313567534,-1.0,4.04890969694575
1.0,0.01897523080877106,1.0,1.0,1.0,-0.030865482833420416,-4.885108117196348
-1.0,-0.13489461537373681,-1.0,-1.0,-0.011844817218952253,-0.8854807561070321,2.787407156193098
1.0,0.8617242656516868,-0.05598225506466681,0.438388232337549,0.7347149326258152,1.0,1.992048600659409
-0.6819745016416086,-0.40467095854531754,0.0037530199462043473,0.38389203799948457,-1.0,-1.0,0.19530957697432497
0.38405527108248194,-0.3980791747935222,-0.4131125323152532,0.2419834137990845,-1.0,-0.030186717460630064,0.5576273865637366
0.22163296418672684,1.0,0.3471928574369789,0.7917586156221041,0.16986236049221315,1.0,1.0144449465845513
0.7496185939567188,1.0,1.0,0.014961737131092834,-1.0,0.727740500800709,0.3554917736722121
-0.039526265110431225,-0.33728045079616353,-1.0,-0.32765520199358344,0.40095029934177573,-0.3636566960532527,-1.1146912522928383
0.5223599263388741,-0.07281692902869129,1.0,-0.2642206383635152,-0.502046601399724,-1.0,2.759923300148689
-0.44769475831515027,-0.5336915763954124,-1.0,-0.826054888399425,0.8021692984716525,0.6658991932630036,0.8405180007185459
-0.9452483606975508,0.4480816776079552,-1.0,-0.6935994913021233,0.0437314288384566,0.5454125023572021,2.6222463855775135
-0.20743265875246875,1.0,0.5970336489637545,0.8760342840434154,0.7387628830965143,-0.09930358741204393,-1.803100113679153
0.34632477975889453,0.10888385901195474,1.0,0.7023279767671575,-1.0,-1.0,2.7853330094247077
0.19729627524187004,-1.0,1.0,-0.7593334907378855,-1.0,0.09846581421991421,6.00440782784018
-1.0,-1.0,0.15518074136954807,-1.0,-1.0,-0.6788313392965666,4.815032195503494
-0.5810301842917538,0.42963794286728174,-0.667641383159695,1.0,0.47835000427362123,-0.28795577119649174,0.34534259134987716
0.5967413627472886,0.39373988079128586,0.7947856254742424,-0.07612660918479522,-1.0,0.47623245833562877,1.9150114945864192
0.16582967812750904,-0.05240927551517838,0.011587895645307711,-0.2589742292296206,0.19410188826000874,-0.30236352814032186,0.16795701867352822
-1.0,-0.8263037983781388,-0.8244022478613013,-0.8331712759624693,0.45201584120912486,0.723062891076898,-1.630830928764453
0.06964200001385429,1.0,1.0,0.5245853176112474,1.0,-0.9019095497808358,-3.8254176279397734
-1.0,-0.5840129954204494,-0.7212215320896092,0.09221936154605981,0.16298366282359494,0.16943088520637378,-0.831736249366642
0.4461619947173349,0.8463489728463361,0.8092849600105446,1.0,0.956455242135673,-0.80992676958153,-2.5987244507277736
-0.4040262124762038,1.0,1.0,1.0,0.17028318714181423,0.33860398280970494,-5.596630756236561
1.0,-0.5118317349676881,0.09149478910154007,0.16365792295280568,-1.0,-0.5571933267679229,5.509274567723793
-0.6062154498243764,0.4728930865552705,-0.2811470872068753,0.6493454946882049,-1.0,-0.3133548352950084,-1.1343467261392064
0.2995360135238642,-0.33498748299815906,-1.0,-0.9217201253928701,-0.3010680246091893,0.667937025783849,3.0797000290818985
-1.0,-0.9937059867031532,-1.0,-1.0,-1.0,-0.6640061527981161,0.2774969237637347
-0.38032135236214126,-0.5800046257370167,-0.9971702150991738,-0.9136871759888354,-0.7574082556763427,1.0,5.631670539935661
-1.0,-1.0,-0.007909151002340215,-0.792125660327418,-0.000810037367197973,1.0,-3.1036406702887516
-0.3758882939493019,-0.12288218779311855,0.3939715952003881,0.21393955776228912,0.4441818892739731,-0.47489714335037314,0.9013042026078912
-0.7660221780192759,0.5759824031643017,-0.7031176776907795,-1.0,0.05961449880469205,0.37513640800335857,1.0519525155842195
-1.0,-0.27505198788732743,-1.0,-0.2426359350745988,0.19870744093034576,-0.8622921141553153,4.727707204948813
0.9352818579201627,-0.10309414010785684,-0.46781075353398527,-0.4916716186657715,0.4432824384202019,0.05008156528370167,-1.7309270587091485
-1.0,-0.5842650988825988,-0.11964816534004985,-1.0,1.0,1.0,4.770241014098484
-0.2479698621418427,-0.8202715186421339,-0.5464723259305373,-1.0,-1.0,-0.19793077029213846,2.802031074692757
0.19427874780228238,-0.08002318921120269,-0.3205679622157366,0.03034059016125465,-1.0,-0.022620543952440952,1.2282743804651015
0.03643632095281979,-0.6165394280800207,-1.0,0.00717763167673624,-1.0,0.021789665179387407,-1.3414042426179984
0.7482129168334346,0.6838827130487669,1.0,0.5123882582326019,-0.37436061016176714,-1.0,2.788142129432871
-1.0,-1.0,-1.0,-1.0,0.9030690813201135,-1.0,2.3361330292879288
1.0,-0.09085497011359256,0.40404067184140247,0.4791307352039582,-1.0,-0.03205118799634066,2.811823007827252
0.45243977829169735,1.0,0.44344225352138134,1.0,-0.7556598257257594,-1.0,6.367635381777034
0.2053549801393003,0.601260180975967,1.0,1.0,-0.8249422130818433,-0.30068639557151555,0.6318116287795954
1.0,-0.05023970772315228,1.0,0.17740196094250205,-0.13006868877073718,1.0,-1.2240545256801518
-0.698746231976359,-1.0,-1.0,-1.0,-1.0,-0.43165478794349027,0.5515759174744639
0.7956173362608057,0.8879283867299372,0.5052113014141184,1.0,0.32628720586147814,-0.16148781972963477,-1.0078545583508176
-1.0,-1.0,-1.0,-0.5027283503416355,1.0,0.5430373664141497,-3.678332210663291
1.0,0.5253650075519262,0.5485393084551469,0.25660391212208744,-0.11760015314373234,0.3630205303246927,-0.5779546761129184
0.3164689444934215,0.8897457656285384,-0.3022086756257605,0.026293151534021578,0.12901918062863638,-0.4802397564105274,0.7862682698672432
-1.0,-0.8692470485348098,-1.0,-1.0,-1.0,-0.04944449885741714,-2.9546437606373344
-0.5263469213997145,1.0,0.1738297259814553,0.88580809737134,0.497648812931496,0.28312821583295755,-1.8182123137094237
1.0,0.969834566108219,0.716954094621977,1.0,-1.0,0.3105490935428512,2.8957941730888894
-0.8423818211770016,-0.7699803769669769,-1.0,-0.817693378151493,-0.5872590171477022,0.3523047703198346,-3.4390040807449367
0.2749535834311424,0.9434211216480717,0.5646181008936298,0.3782708235432117,1.0,0.9867487453542252,1.6046154249659343
0.6105587384047297,-0.13315834025551615,0.6552547274708121,0.3783608425136271,-1.0,-0.30370970860297264,2.599285894887855
0.8159199991048334,-0.1963194685038679,-0.48645997487794046,-0.37116876789885733,0.5116838970943661,-0.3133774497582913,-0.5204607743435229
-0.00891356048426125,0.13602398559516418,-0.4275527964968313,1.0,-0.9135636695058245,0.007935656221974119,-0.7427240679825776
0.5446682370739051,0.833004607233204,1.0,1.0,0.5989038486291003,-0.986870705146851,-2.986716735232972
1.0,0.08426460187841389,0.09532000765118798,1.0,0.6969787044410778,0.3207174154546578,-1.010289451633765
-0.21766484268844227,-0.5112221056501631,-0.10165459900050125,0.2449080138333123,0.4763049226876923,1.0,2.820047434993066
0.4501016638826962,0.2205706104756452,0.7081918612803688,1.0,-1.0,-0.7975425888203145,3.3991127667419585
-0.3988648601316168,0.658210309591403,0.07384941420595892,-0.7355110956567035,1.0,-0.9299163910714738,2.8626259980765765
-0.7269680615921015,-1.0,-0.394743990945178,0.18202702253093894,-1.0,-1.0,-0.1652907008552498
1.0,-0.5201139097096417,-1.0,0.45137058403678126,0.31549223327773146,-0.2024255792225959,-0.921154022905326
0.004052578719968336,-0.5466522288670352,-0.4862000114192131,-0.8735410321299129,0.43820878968083876,0.48397291224934946,0.4828890233749493
-1.0,-0.9228859300386918,-0.6426355529957029,0.1358135514742369,-0.2334278477932601,-0.042360727194413875,-1.7216769686208844
-0.14175175623799433,0.9027701900255061,0.054874612100047626,0.9607069289824502,-0.6632949678478268,-0.009537604828364021,0.2813441160009509
0.9902809407193294,0.8948066938986063,1.0,0.3288817325679383,-1.0,-1.0,5.068412891413988
-0.5101086601884943,1.0,-0.5038242924278842,-0.15953527614734597,-0.978164260596972,-1.0,-0.7260126696887916
0.9036526997232777,0.0522297229923947,1.0,0.11318076992081272,0.12159986855573736,-0.09898392157728861,0.20523853050236524
-0.322750706146548,-1.0,-0.9481874763221415,-0.4302682938782678,-0.6170383957398982,0.3070159926872411,-2.6803157436045977
-0.26094737079872454,1.0,-0.39186073317945,-0.5144867507744694,-0.11514679839665054,-1.0,0.3950611364510256
1.0,0.452444561764392,0.4023350591797399,0.906705522203031,-1.0,1.0,6.0082648288523846
-1.0,-0.8606079960026385,-1.0,-0.5258461331299673,-0.5430100954443751,1.0,1.9216569444012104
-1.0,-0.17760201048301671,-1.0,-0.29080768621427144,0.483193253825633,1.0,7.828645552628261
0.5134581902327678,-0.6393793654881637,-0.4921728955412916,-0.7814259187215056,-0.22028528143502968,-0.6823661285321747,2.024226606557723
0.042955405178283404,-1.0,-1.0,-0.3095287326246446,-0.23173477543958176,0.24912709182410864,-3.1160439251258074
-0.29132174654303594,-0.13166604788562922,-0.9844264565777076,-0.5223825325706118,0.09692722197259207,-0.09091367864412153,0.032256655061353334
0.2757814608886875,-0.6019615806018379,0.24919654141333153,0.35124839696634047,-0.08840264640715624,-0.8828134951659663,3.455838363194373
1.0,0.2273966191754272,0.8350391070269152,1.0,-0.026361634164737968,0.6652363770721254,-1.5299659557136918
-0.652215198494069,-0.5265395354607014,-0.27591626832161387,-1.0,-1.0,-0.7286187675865126,1.7450647202901777
0.05511864836139155,-0.886913917372842,-0.01002851147482095,-0.8956539721979516,-0.23480348672073884,0.5980848977972142,0.011446224076205547
1.0,-0.38033454314683207,0.8998644076227217,1.0,-1.0,-1.0,9.706046273516328
-0.2349706394216687,-0.3393175355411068,0.36814358068850017,-0.8944111368375864,-0.8563231568432923,-0.4165221801853671,0.7839388587250342
0.7221057572057406,-0.5815264438484944,0.5615934288451664,-0.5643252650259677,-0.053728796222531176,-0.03022161980488458,2.0544914581937057
0.3218302800670203,0.8164688868610652,0.7215617511496311,1.0,0.6856884455930057,-0.8641706685535971,-0.9695991867635536
-0.6512541813633235,-0.2367169371869957,-1.0,-1.0,1.0,1.0,7.336841984329452
1.0,1.0,0.4615638369522346,1.0,-0.4560457669047136,1.0,3.049596574839286
1.0,-0.28716370138199965,1.0,1.0,-0.7738048599084631,0.5177029541312539,2.331469826297047
-0.5835613067463657,-0.37273680265447606,-0.07778210306158617,-0.9390294475445888,-0.5743258487498069,-1.0,2.771487961211495
-0.45174251595759896,-0.7748134060067077,-1.0,-0.775487285729995,1.0,1.0,3.3571908201419682
-0.8227962655689876,-1.0,-0.2553582442098222,0.41739304388197485,-0.984455336880049,-0.6594032423016956,-0.7956379235256875
-0.4341989668251489,-0.3896527706971915,-1.0,-1.0,-0.1972903904114326,1.0,5.249481954041616
-0.31607717083634507,0.052437573701247464,0.8375664757544606,0.4768721283699181,1.0,-0.6050533560917434,1.191454615568873
0.5365927817653341,0.8381046428215027,-0.18096063468545204,-0.0038454419104219095,-1.0,-0.706895453992243,1.6050939944047518
0.8027342886122009,1.0,0.6194633910187228,-0.04002645417921613,-1.0,-1.0,3.490424717020191
-1.0,-0.46940557076695116,0.4287903625536842,-0.8661880382617525,1.0,0.6749780094950752,2.1483591091706793
-0.3162898452667917,1.0,0.7283955971896869,1.0,-0.11170333995782045,-1.0,0.786812260457832
-0.5770590834776135,1.0,-0.5037074486180091,0.9387701293583169,-1.0,0.22083527478837245,0.989834019542517
0.21855047923799376,0.5528258290817063,1.0,1.0,0.19652932581670723,0.6966601809210251,-3.0581104039090543
-0.98800540994785,0.5922878637770821,-1.0,0.31445463169052545,0.4705496291100426,1.0,10.150585426250647
1.0,0.7601962442766651,1.0,1.0,-0.25078917015414715,-1.0,4.334314591015821
0.3391230046663609,-0.37960920187230196,-0.04032630666729142,-0.303085778566049,-0.34515426017969386,-0.268678602379667,0.43561354545281217
-0.9498077183398097,0.24045058331133173,0.5773667394444504,0.9453229794876331,-0.7427446690754045,-0.6621045715920857,-1.2080801879151104
0.6235576563646377,0.35852811020538733,1.0,0.1484133678333398,-0.09018392088923943,-0.71505428894769,1.9090838456990409
-0.6200374293569824,-0.9391558033115663,-1.0,-0.435805141134328,-0.11262671380502542,-0.11342042403703792,-3.062751576990927
-0.03278647875465823,0.6548713084750505,-0.5145508539680484,0.3654121566369223,-1.0,-0.7945533368277164,0.9366445289902359
-0.14256887095516269,0.18246890063809895,-1.0,0.7936740379123114,1.0,-0.42952863211528514,-1.4253000022643603
-0.5624471819849632,0.50026728253071,0.7455437769826179,0.6679253390029063,0.10597592439134029,1.0,-1.5441454660469147
-0.6531602962071767,-0.7204606076808043,-0.05403639401372866,-1.0,-0.8884212112575046,0.17947786134550434,1.5909194813038932
1.0,1.0,1.0,0.9468508348466891,-0.08281922280497889,-0.7023413066727764,1.4368173210843111
0.6969986531858122,-0.9360894200932085,-1.0,-1.0,-0.7518760775864939,0.3193578785007799,3.2384857570678998
0.9245841271601317,-0.1305191747403096,-0.9493459377432307,0.8107776445834258,0.5117901564532839,0.4209766276397091,-1.5901408851044683
-0.8135856046070218,-0.9942155650452121,-0.690327509425994,-0.7882763973866802,-0.21288629388712654,-1.0,2.874351854322544
-0.1726151315079334,0.8569277612262665,0.4661774068605775,0.20229576748525013,0.03918751074530891,1.0,1.0480242248787124
0.07620872358915144,0.9037590479180401,-0.08665213760662807,-0.7574636706465943,-1.0,-0.973053401483897,1.3193975861459153
0.0527305370758564,1.0,0.35351632658384435,1.0,-0.33769097471998494,0.5549757818187657,-0.503886272015243
1.0,0.004056500277022312,1.0,-0.39848899469180254,-0.29558859440023216,-1.0,4.990903598591818
0.25958178845259083,-0.2392750779855351,0.7508128778272769,1.0,-0.16734863845168313,-0.2895201275292335,0.4393405939684855
0.12348382532393193,0.4284580510175517,0.12876304851083206,-1.0,-1.0,-0.2709705714298025,2.8837918930426922
0.6322783398040428,0.021615637538344338,-0.6613447825072004,1.0,-0.9447148835899878,-1.0,3.1359869831020264
1.0,1.0,1.0,-0.3521073814661281,1.0,0.045088119896387106,-3.4178275717455584
-0.3361784819598801,0.1040791401014131,-0.7468237508476728,-0.542471825782866,0.1857255873698021,-0.37822740792550325,-1.3051668189791985
0.10616688626954329,1.0,0.3093609813325937,1.0,0.9515914505391186,0.46218887412354526,-2.248569137740081
-0.9419285317863797,-0.18792456133049654,0.21533992838174443,1.0,-0.12946438704375995,-0.8131214453851265,1.219111474157587
0.03913161108517055,1.0,-0.9923886325620446,0.980798651576451,-1.0,-1.0,7.479013598627255
-0.8891129052088259,-1.0,0.155402399216321,-0.44775569860657166,-0.19024167779865753,-1.0,4.776792110161233
0.957122886835196,1.0,-0.29954702924151755,-0.237654493721281,-0.0049659660866805955,-1.0,3.521175725218315
-0.2340071032496504,-0.7185851516373009,-0.05523688431062712,0.889536741648708,-0.14835048507994075,0.6205881422762982,0.6477827734148256
-0.4236722055742441,-0.9417817739017085,-0.7130156842257066,-0.576920878806241,-1.0,0.6409375857906457,-0.2535150885507569
1.0,0.5129184080022288,0.8679569007626764,0.6141310484304651,-1.0,-0.5260052907794379,5.577817661400324
-1.0,-0.1352734101117013,-0.26423512531817506,-0.9427493608671864,1.0,0.25593951126771386,3.8929312380089156
0.6056606822751915,1.0,1.0,-0.039818297037842565,1.0,1.0,-2.951561821941419
0.1532422657229099,-0.7402247671221668,-1.0,-0.6746385714239898,0.053766342483084095,1.0,2.943390771942195
-1.0,-0.1280769408005991,0.06782576579967214,-0.4516130542403557,0.7435838189145443,-1.0,7.277583855509701
1.0,0.8833560849876329,-0.585241175479929,-0.3243712830307329,-0.5515078638113724,-1.0,4.595948724172658
-0.13769803987177143,-0.030631913341254702,-1.0,-0.49707570347148766,0.12277654061102328,1.0,6.098314500270367
-1.0,0.09390177126818089,-0.6385953234329801,-1.0,0.0012524987898998585,-1.0,3.2945078266754213
0.89549422110047,-0.26987862876392243,0.22324785610311793,-0.2062858448696882,-1.0,-1.0,7.411237802360331
0.24872018358773174,-0.39549105511675403,-0.42857412955554625,0.18713610408672327,0.1851669736690864,1.0,2.880372050769524
1.0,0.7307254998260246,1.0,0.8305454605406197,-1.0,-0.10334544270768675,5.211109758768644
0.9218864887520608,1.0,0.3782881218589258,1.0,0.505358174710054,0.08170041700901409,-1.8986985674727714
-0.7779044186835408,-1.0,-0.5365222785026803,-0.019668451380379315,-0.9159555005188782,-1.0,-0.21373871180325998
-1.0,-0.05798993212254544,0.2921678240110773,0.19282175424192682,-1.0,-0.3683013501267391,-2.4539872286418505
1.0,1.0,0.3150941595753083,0.4942848877172896,0.03462886727662349,0.47473732101026167,-0.5455949176024364
1.0,0.9905775775975594,1.0,0.8515494130229382,0.03053101898082697,0.37054002740165204,-4.451882196935711
-1.0,-0.5545928221765339,-0.8462064171350612,-0.6215473146138359,-0.34687522946508786,-1.0,4.279981971127481
-1.0,-1.0,-0.27305584015590634,-1.0,0.013488683368645754,-0.10067718241154003,-1.4764169331882495
1.0,1.0,0.5009764524601401,0.1622109483468792,-1.0,0.2834562740611515,2.026329813901483
-0.8844128683187548,-0.5584542308660603,-1.0,-1.0,-0.03903627563676541,0.023995530458441633,-2.5549012263920354
-0.9970176752338461,-0.30310347873342247,0.5227909693901711,0.1940071354465886,1.0,0.005241001803456546,2.240280323221883
0.15812620258923032,0.8485187031121815,-0.13732031215970786,0.660176653137039,-1.0,1.0,5.941460356207252
1.0,-0.19393363783409284,1.0,0.4167874473895174,-1.0,0.12294954866456614,3.932726465641408
-1.0,-1.0,-1.0,-1.0,0.29267875942638655,-0.314831321408026,-7.097768185663135
0.8475293528150561,-1.0,1.0,-0.5063432106969648,-0.5641542823145042,0.15439498621874637,6.105984985711391
-0.268598518228099,-0.4573354047798699,-1.0,-1.0,-0.5880162403895963,-0.5649663917865955,-0.02914233455991099
0.5803592949626775,1.0,0.02259709233507806,0.5031662509498706,-0.8540158595030529,-0.004906733583042611,2.758845482771992
1.0,0.06888341776483209,1.0,1.0,-0.3502882344134777,0.06900411477220605,0.2997936177762576
0.4648064236183723,1.0,0.16719271367530986,0.21343523192153024,0.895001549590163,-0.7370682034555303,0.9753099971324677
-1.0,0.06224697626005832,-1.0,0.4394887644396763,0.3909900776902417,-0.5669492147784456,0.8196434329559964
0.4755670036207069,-0.8361724114542146,0.6833399800916475,1.0,-0.4374900566890572,-0.4188156944799314,3.2223342486736826
-0.8666761691610944,0.5266343558408146,0.6145631367643621,0.5361183308052818,0.060361886978987145,0.1503330679631164,-0.11576175672104672
-1.0,-1.0,0.05333782781973728,-1.0,1.0,0.28586220902960746,1.764270425539984
-1.0,-1.0,-0.7072681791739676,-1.0,1.0,1.0,0.4760263156827573
0.4277664697786535,-0.3766779138078315,0.5072478920535667,0.39565622792597144,-0.17221988038438307,-0.1471944976758801,-0.5891279339376682
-0.7418023191016898,0.01680481191737182,-0.1801214200913252,-0.962399806028131,-1.0,0.5390188934549569,0.8455002414936622
0.21837410468604124,-1.0,0.44324689356466057,-1.0,-0.08104708074933797,-1.0,9.71729120089941
-1.0,-1.0,-1.0,-0.4967540679201998,0.3849795797997958,0.010422746571892016,-4.871200104365799
-0.05439990382534571,0.35525166617862514,1.0,1.0,-0.14740811479703914,-0.0018224607137742876,-1.717057809390801
1.0,1.0,0.08996481428058489,1.0,0.4539855633377901,-0.22446791976433322,0.11819403242801918
-0.18179074445234664,0.49399729997762637,-0.28567498271403735,-1.0,0.7961422667990654,-0.47887909970782166,1.4410283721726784
-1.0,-0.04586177574821909,0.11753557149727689,-0.28319192195354015,0.373634022176933,0.7131476988065761,0.15386014928011027
-0.1960385268112329,1.0,0.6724895997273181,0.021341557924064336,1.0,1.0,3.34336354530321
0.33327379641319244,1.0,1.0,1.0,0.9463492777639223,0.8131821922481484,-7.652630104344636
1.0,0.795310345568944,1.0,-0.7857901234597316,0.07825521041778116,-0.9413606739871492,-0.15052577592809624
-1.0,-0.6493883105796658,-1.0,-0.19339725363868876,-1.0,-0.8582547569889667,-0.23824185055751085
-1.0,-0.00022899561886280395,-1.0,-1.0,-0.05494346057078581,-1.0,3.958484847326141
0.6765595542462377,0.8280308995450514,0.05434122047810175,-0.3666975194948605,0.988617227358138,-1.0,0.3188657753917366
0.061048744014064404,-0.8836901594074392,-1.0,-0.43206702717858536,0.060173557927033716,-0.6566758399110479,-0.6421464897429278
-0.14730718790208464,-0.5374096636173535,0.31256842707963184,-1.0,-0.5864441238376568,-0.4599426215129312,1.8354356775360472
-1.0,-0.589771887098913,-0.42039172640065225,-0.3253878918463644,1.0,0.6919223220612644,2.012815374548581
-0.3502258604375398,-0.16358017565344685,1.0,-0.36931284463267827,-1.0,-1.0,-0.808267695370438
-0.1880646959907618,-0.030154140522167805,-0.2620678716618528,-1.0,1.0,1.0,5.600053917608655
-0.41735288410554894,0.4477597434480185,1.0,0.2665526540654428,1.0,0.5826906449918825,-1.192382812910067
-0.7311220757844354,-1.0,0.17112575078770842,-1.0,0.05299719148027304,0.24229373071311547,-1.130684481835468
-1.0,-1.0,-1.0,-1.0,-1.0,0.7306855047184068,-0.7087899036265464
-1.0,-1.0,-0.7328305929356567,0.3910588899417076,0.8642355045765359,0.8140285261390237,2.6689102691348117
0.49734757006976504,0.7144620195667891,1.0,0.6397007443923202,-0.4484896191035819,-0.9123270636657668,2.1190085623718065
-0.0817543668348859,-1.0,-1.0,0.5940298691524802,-1.0,-1.0,-0.9363991472989964
1.0,0.5908537380260773,1.0,-1.0,0.897416499795773,1.0,-3.5721567774311156
-0.3274632605130581,-1.0,-0.09106676851874107,-0.43632702988114813,0.40524801834082225,-0.8803759141286462,3.577285624379283
1.0,1.0,1.0,0.9133531483728653,-1.0,-0.10247052005189095,4.2275470472917105
0.6692126344907967,0.6798338142012698,0.17225978451073065,-0.4354427709979999,0.2253130813596077,-0.6743739996184636,-0.11224868706078495
-1.0,0.3726262218063253,-1.0,0.006395724472644651,0.19872776799240166,-1.0,6.529984697269758
0.49098743991284743,-0.6630584900281127,0.23711315378989445,1.0,0.636664005722577,-1.0,0.8421621465728844
0.5067211809297278,-0.0864723685882542,0.3537646150873665,-0.14760149736665626,-1.0,-1.0,4.927474957907912
-1.0,-0.023111054762321226,0.38869768042015307,-0.02154219423584397,-0.949452653651208,-0.15028263877023762,-3.008761985460616
0.3296782094685207,-0.23824133938664427,1.0,1.0,-0.06457930117579891,-0.49569208815896376,-0.6183430947802246
-0.8637471214911596,-1.0,-0.9268516605053139,-1.0,-0.9527168915004496,-1.0,4.2940426477654485
0.29489234771946027,1.0,0.7158435211798306,0.22034365959417523,0.6767198469555391,1.0,-1.4463652138314598
-0.37428392886715,-0.8694254214556371,-1.0,-0.7825837076987724,0.2394819990960082,-1.0,3.017470577529275
-0.09862616368526089,-0.6912607088035407,0.7258288348888134,1.0,0.4579968988562544,1.0,0.8563504926128789
-0.9828080552334978,-0.5376301222612776,-1.0,-0.5572507392802636,-0.17709800276099052,-1.0,5.732881595056132
-0.5862200046712958,0.6913133719760889,0.467836845733987,0.5427658808280722,1.0,1.0,3.509951770220296
-0.7523160212880657,-0.4859299168083393,-0.5957694814782131,-1.0,-0.9025652287928135,-0.6029696830478356,1.1550075115679588
0.8449358411002408,0.9152710372363568,0.31853795475990654,1.0,-1.0,-0.6017576612814318,6.414793856694663
-1.0,-0.6550460348772114,-0.4122072389989424,-0.760251995124315,0.008473217459656956,-0.0005099080703655223,-0.676866365814143
-0.9931162935867855,0.3263216998934104,0.3935025696960621,0.8543022250828283,1.0,0.8509331735773988,3.8547451321256974
0.11577397740089568,0.912504978825482,0.29792003634273545,0.5409411306691975,-1.0,-0.13697233541601606,0.08382197887893678
0.06525512425052984,-0.25747920852365924,0.03751348640164154,1.0,0.130377658533996,1.0,2.4853331982665163
-1.0,-0.07598179067983613,0.02215755508399697,-1.0,0.779618082159615,0.3435370361237968,2.686202908413138
0.035034272574282266,-0.8543795003904567,-0.3082470997018192,-1.0,0.41425798686421156,0.13478738980487215,-1.0793999381350627
-0.10107716709842568,-0.41601756718293365,-1.0,-1.0,1.0,1.0,4.135035999755468
-0.6073606310318539,0.4221712305368824,-0.3664731879949285,-0.9416846981936806,-1.0,-0.8148559938391907,-0.7494436626585204
0.3705657625191606,0.5302421719715926,0.3018500037714139,-1.0,-0.3577498586622991,-0.210538737462862,0.7209157880667022
1.0,0.05833253656460752,1.0,1.0,0.7814783086486571,1.0,-5.713163855681746
-1.0,1.0,1.0,-0.6188434302918348,-0.33848488579148783,0.6914948902479987,-5.238006116678216
-0.7134897010552039,-1.0,-1.0,-0.15593982024283548,-1.0,-0.2343767470233109,-3.7096261276702918
1.0,-0.6105294147858374,0.3705043077736486,1.0,1.0,0.8852103864890535,-0.0746604097339717
0.4141283884394075,-0.537602780149496,0.8311054247843803,-1.0,0.8229444671115903,0.9833494432489873,-3.4202242229350093
0.4385495263023841,0.5426498206323167,-0.5859622926382528,-1.0,0.034479351300649164,0.08514523306892707,1.3153260135073284
-1.0,-1.0,-0.47073795259169837,-0.6544124325816635,-0.27022065124920513,-1.0,2.5141854046579746
-0.8319537358845259,-1.0,0.712700867567229,0.8974286077303731,-0.2763971178966339,0.03092937021444512,0.26857507888917687
0.575907829559717,1.0,0.12304006845009052,0.49499670749080593,-1.0,-1.0,4.325362912798629
1.0,0.17542290757556533,0.5794091881424697,1.0,0.9391468509886851,1.0,-1.752481579190102
1.0,1.0,0.07136018536208721,1.0,-0.8695270598398949,-0.03680803340528221,5.820778491212999
-0.354906108418198,0.046246877649180756,-0.1135375852940397,-0.3986293531327736,-0.8552464136339923,0.2692541563018075,-0.7903935777795679
-0.5668548380455032,-1.0,-0.171987035981197,-0.6801850062207953,0.720710741775617,0.8840142777819509,-0.05517796746360548
-0.25917222640797566,-1.0,-0.0021257684922386666,-0.7203795805704334,1.0,0.6790760039482855,-0.45530801883250377
1.0,0.35557283133877027,0.2854135571399601,1.0,-1.0,0.385353360658069,2.5100117860376776
0.3086958067116893,-0.8303500172680923,0.5242324236776346,1.0,-0.21406494064165915,1.0,3.1276967291111566
-0.9998372447668663,-0.6097945341536094,-0.022357545573116866,-0.49290920834063223,-0.12224956965093758,0.24903102192806342,-0.7959351304428173
-0.11850372797283615,-1.0,-0.14650327470775493,0.4326020424379513,1.0,0.24727193432171524,0.7164441705453353
1.0,1.0,1.0,-0.19564143701712022,-0.7855142696320218,-0.043583647803733916,0.9929665209142299
-0.14159241697392977,-0.743159105544166,-1.0,-1.0,0.510843828811804,0.03669060139814295,-3.3479146610152886
-0.9423801440921913,-1.0,-0.19561731538762162,-1.0,-0.046988849590233805,0.8029373060936236,-3.101462281732249
-0.19901126805199676,-1.0,0.36468165466447416,0.016336790597753517,0.5665596046909106,1.0,2.520525203121471
-0.6969893383451483,0.7623838121687145,0.6527198675443194,1.0,1.0,-0.5270736872110744,-0.7081615941783663
0.43286858986905563,-0.44208237255759286,0.36824925361910166,0.7564621518766411,1.0,0.8750820113548982,1.981774161123104
-1.0,0.2508923189368937,-0.05797173981190551,-1.0,0.5199750762057629,0.3975676861213818,1.9925314337319295
1.0,0.006221197041511584,0.34466669929971006,0.6770979489867253,-0.19391770046815693,-0.4905854449779835,2.4033827757876263
-0.8411055375400058,-0.8270837838572509,-0.9703450958345399,-0.7205239786825861,0.5247720511346021,0.17067543544459185,-3.1794115543196075
-1.0,-1.0,-0.5982818872929743,-1.0,0.11641769785614553,-1.0,3.7470393761596124
1.0,-0.5189618064825433,-0.6265576232439859,-0.07387891741132754,1.0,0.06858789311272862,-3.9679590466551486
-0.8377939930436507,-0.7188706696580203,-1.0,-0.8455897045823069,-1.0,0.20124264095928848,-2.5075006351810485
-0.722142778849937,-0.9307539983205009,0.7628812399221642,-0.2120370284750549,1.0,0.5920924598923941,2.166565839964358
-0.8198001857580404,-0.5887523969537019,-0.9367037005496215,-0.0032107746019703898,-0.7873387316022894,1.0,4.484988652335512
1.0,-0.4387551867624049,-0.709152586257958,0.9660977815956233,0.00791290119630439,0.6515053897148511,1.0122153162055891
0.3741077436308591,0.4400170578983672,0.9420658922835041,1.0,-0.4366827637499387,0.6778571848657838,-2.288338084578507
-0.8726533611949395,-1.0,-0.3773348022148021,1.0,-0.13377256024365586,-0.35075523820099597,-2.675352340946702
-0.3017398254931749,-0.6696791685559251,-0.5075332047938728,-1.0,1.0,1.0,3.253361776195011
-0.011546923518240826,-1.0,-1.0,-1.0,1.0,0.39564081274389973,-5.901188513860626
-0.7184035181737972,-0.8647469494644775,-1.0,-1.0,-1.0,-0.45627733291269357,-0.22967016155738684
1.0,1.0,-0.0036331936656883723,-0.5711948035000598,-1.0,-0.6181707026529185,4.697790859196429
-1.0,-1.0,-0.8026455168145639,0.03469403705803653,0.04474951758169943,-1.0,2.7727661805984183
-0.4119673850222683,-1.0,-0.054474411773963616,0.5284082400834322,0.5197311743201583,0.5623812810838476,0.5266955649871305
0.44853048490465447,0.1448155442377453,-0.47352203148920546,-0.33958963325558444,-0.44000461414058417,-0.5090790834987181,1.1696778754775767
0.6880542928104945,-0.058019357528504456,1.0,1.0,0.03182617715477232,1.0,-2.6831489369741814
-0.1498196784806114,-0.4578295977539222,-0.4503377558123562,0.025561986218792354,-0.3641666356669717,-0.8740278228258832,1.7776915493686338
0.47521029558172473,0.6379091328271296,1.0,1.0,0.35448193454723054,-0.7294969498255386,-0.8001282883436875
-0.7258754521693572,0.7993090550186477,-1.0,-1.0,0.5408433396023955,0.13634393627195251,1.1707305295173493
-1.0,-0.8034667674935526,0.425759794069158,0.6547417912927491,0.16946756174402489,1.0,-0.43833063570446407
0.9645424976484034,0.6574667089840653,1.0,1.0,-1.0,0.5130666029180034,3.66282031924299
-0.4543081939736174,0.4553990138779756,-0.05758691199469912,0.6621325292161879,-0.7643703257942057,-1.0,0.6667106055686395
0.9783952513666541,1.0,0.7698753784855711,0.19181888383859502,0.9415525921570693,0.023469070502385336,-4.9926385410556104
-0.8030484685494889,-0.6959560065821273,-0.03849130250514343,0.22477569935773445,0.6399027766587058,-0.6910438773129686,3.343317644501643
1.0,1.0,1.0,0.6018033726830814,-1.0,-0.3988558379086816,3.867700148660411
-0.013930661243207076,-0.042573410709427745,-0.15397217592948836,-1.0,1.0,-0.0019095701846441049,2.3125456515845926
-0.4661706647138707,-1.0,0.11738010282184608,-0.2514924235937229,0.7184054067895002,0.3730975484895602,0.26926004693707817
0.15746421070334526,1.0,0.858624296282438,0.07182506159214519,-0.43702887124135753,0.9558916179553295,-1.5789734822821004
0.9657291000461821,0.5105599125836787,-0.850705532515202,0.45352761280372667,0.7119641036290622,-1.0,-2.2154342532903146
-0.6762975588624909,-0.4271182512192368,-0.6235830175938881,0.6468077566676576,-0.33730356824970587,0.8014550449616038,2.3733021505745286
0.7033794792532435,0.42803459485166195,0.017168797709745998,1.0,-0.10021007008623092,-1.0,4.7345992806486015
-0.07807175163610758,0.2847961669630059,0.36646642241385574,-0.7427773273037837,1.0,0.08498515509507343,0.9883436279963173
0.539252033401487,-0.9536370424046396,-0.5660669552714713,-1.0,1.0,1.0,-2.3113889377041437
0.32016618821290677,-0.1996767005950718,1.0,-0.5664696042717745,-0.1976195149791427,-0.21436644256360193,1.0381680027237756
1.0,1.0,-0.3466037230958777,-0.045261116169929116,0.17294164935169132,-1.0,2.4549967128262398
-1.0,-1.0,-0.7414716407063777,-1.0,-1.0,-1.0,5.087108607254055
1.0,0.5156720873540921,0.7199622322270787,0.7169230620804996,0.5388188876832987,1.0,-2.262502450710914
1.0,0.6665052259403936,1.0,0.4273413181336619,0.2837999410273413,0.7039755934422967,-3.89471045637073
-0.41239605990267947,-1.0,-0.18829877711931298,-1.0,-0.1414179636846734,1.0,-1.5612927376742491
-0.90785120586495,-0.657773395424742,-0.4087499460631164,-0.09721330765119829,-0.14974285669215115,0.15470460020080345,-0.2651810110789661
-0.9451034495250266,-0.627597361481439,-0.10033060274377348,1.0,0.11918122852349222,0.5718586875358832,-0.375012005367111
1.0,1.0,1.0,0.4707645355332972,0.11351605591597402,0.20194901559896272,-2.2866218384206958
0.941695341896197,-0.2933496273512596,-1.0,0.25847963966951715,-1.0,-1.0,6.685378803085062
-0.9688623329153498,-0.06179680681144917,-1.0,-0.9489214134147583,0.10527771184894774,-1.0,4.55592837902829
1.0,0.889106526171642,1.0,1.0,-1.0,-0.826432668455371,8.130177647381409
0.45056142167237845,-1.0,0.23131607145713395,-0.5577181466034388,0.2117174915231742,0.16153010987744004,0.08342815859946054
-1.0,-0.6853660099454554,1.0,-0.9176081080266811,0.6211794613845196,0.052416541529873184,-1.5200625221086639
-0.09881893202469638,-1.0,-0.4841233704080776,-0.48033051873562815,-0.5655808998494574,-0.5679619596864565,1.6116327786327025
-0.0399849503363956,0.401199417631377,0.4893863536723596,0.7414921798613382,-0.1747735786395161,0.6154345251933205,0.36457215239735763
-1.0,-0.6762727520732532,-0.022137311821204042,-1.0,1.0,-0.7720523222351234,8.555853482329736
-1.0,-1.0,-1.0,-0.0034887868569726255,0.2345294154096793,1.0,2.9028181424686434
-1.0,-1.0,-1.0,-0.6660021663142085,-0.23022378206004798,-0.8234480235735462,1.3334349324396766
-0.8373457590891631,-0.05510031488099654,-0.5686874347395461,-0.6069147859963222,0.14036574734324353,0.7795412599499154,1.2913027741982983
0.17057428210755665,1.0,1.0,0.0003644388936250298,-0.5231150073666945,0.1341473466216409,-2.805591208738449
-1.0,-1.0,-0.7655306429176392,-0.5863575643157914,0.5573697739814591,-0.48249422203977443,-1.5435123790909806
0.4984860266304345,0.7986906766949771,0.30875049886747696,0.7801414017247261,-0.3648524378788437,0.26593798202829966,0.7552208807095746
-1.0,-0.26364412821435423,-0.703900091122786,-0.5505274830149036,-1.0,-0.9387990031882341,-0.5110619768836029
-0.35189731432584903,1.0,0.4696923915216429,0.09460692138028381,0.5888078884143924,1.0,2.9678728097470266
-1.0,0.2221437117384829,0.03342744026931693,-1.0,-1.0,-0.18868037474545263,0.0934662130298265
0.016485884591008942,-0.9836907737975935,-0.7002381988882393,0.38153370417334176,-1.0,-0.5400205855760276,-0.37379197730408814
-0.32009601821763806,-0.4653267416622022,-0.11871963587886164,0.34293142810335664,-0.7002738660011063,1.0,3.2652409588996147
-0.6251138509472693,-0.2750615989374701,0.8477598795234609,-0.0405015765678951,-0.9329423057181823,-1.0,-0.8970771722688741
0.11429330784246039,1.0,-0.564838238444906,0.011812287924821696,1.0,-0.773475240127075,1.9953863995437457
-0.4043595110167999,-1.0,0.3207235862370945,0.9146656622054332,0.9206993919237672,-0.3473496263475645,1.2735692847661668
-0.3690087132377998,-0.9604545273635237,-1.0,0.19798391099239288,-0.3577066642247716,0.4628150193730577,-1.8256000482444725
0.2403002905215319,1.0,1.0,0.9585473271087994,1.0,1.0,-5.4679046207688415
0.6106555287782769,0.2536735129075969,1.0,1.0,-1.0,-0.7095362636215591,4.715883064852767
-0.48263290654182567,-0.34233929821595044,0.31113453320201084,0.9985527771610448,0.4210183100950267,-0.32001781456024014,0.9627959444453701
0.501845354008423,0.9557695395774795,1.0,0.10633793825423055,-0.029187197401544074,1.0,-2.876619557116699
-0.3985757439067741,0.31542974556822023,-0.5186506586959062,-0.8360493302330394,-0.7805888885082055,-0.23924993763753388,-0.36238298233774247
0.9457411874312505,0.6413580112677006,1.0,1.0,-1.0,-0.07595871475419158,3.7508280269574126
